CREATE DATABASE IF NOT EXISTS X_database CHARACTER SET utf8;

USE X_database;

/*==============================================================*/
/* Nom de SGBD :  PostgreSQL 8                                  */
/* Date de création :  02/04/2024 11:15:52                      */
/*==============================================================*/




drop table if exists COMMENT cascade;

drop table if exists FOLLOWERS cascade;

drop table if exists FOLLOWING cascade;

drop table if exists LIKED cascade;

drop table if exists MEDIA cascade;

drop table if exists POST cascade;

drop table if exists SAVED cascade;

drop table if exists YUSER cascade;


/*==============================================================*/
/* Table : YUSER                                                */
/*==============================================================*/
create table YUSER (
   YUSERID              SERIAL               not null,
   YUSERPSEUDO          VARCHAR(30)          null,
   YUSERNAME            VARCHAR(30)          null,
   YUSERBIRTHDAY        DATE                 null,
   YUSERPASSWORD        VARCHAR(50)          null,
   YUSERROLE            VARCHAR(20)          null,
   YUSERPREMIUM         BOOL                 null,
   constraint PK_YUSER primary key (YUSERID)
)ENGINE=InnoDB DEFAULT CHARSET=utf8mb4 COLLATE=utf8mb4_general_ci;

/*==============================================================*/
/* Index : USER_PK                                              */
/*==============================================================*/
create unique index USER_PK on YUSER (
YUSERID
);

/*==============================================================*/
/* Table : POST                                                 */
/*==============================================================*/
create table POST (
   POSTID               SERIAL               not null,
   YUSERID              INT4                 not null,
   POSTDATE             DATE                 null,
   POSTDESCRIPTION      VARCHAR(280)         null,
   constraint PK_POST primary key (POSTID)
)ENGINE=InnoDB DEFAULT CHARSET=utf8mb4 COLLATE=utf8mb4_general_ci;

/*==============================================================*/
/* Index : POST_PK                                              */
/*==============================================================*/
create unique index POST_PK on POST (
POSTID
);

/*==============================================================*/
/* Index : POSTED_FK                                            */
/*==============================================================*/
create  index POSTED_FK on POST (
YUSERID
);

/*==============================================================*/
/* Table : COMMENT                                              */
/*==============================================================*/
create table COMMENT (
   COMMENTID            SERIAL               not null,
   POSTID               INT4                 not null,
   YUSERID              INT4                 not null,
   COMMENTDATE          DATE                 null,
   COMMENTTEXT          VARCHAR(2000)        null,
   constraint PK_COMMENT primary key (COMMENTID)
)ENGINE=InnoDB DEFAULT CHARSET=utf8mb4 COLLATE=utf8mb4_general_ci;

/*==============================================================*/
/* Index : COMMENT_PK                                           */
/*==============================================================*/
create unique index COMMENT_PK on COMMENT (
COMMENTID
);

/*==============================================================*/
/* Index : POSTCOMMENT_FK                                       */
/*==============================================================*/
create  index POSTCOMMENT_FK on COMMENT (
POSTID
);

/*==============================================================*/
/* Index : USERCOMMENT_FK                                       */
/*==============================================================*/
create  index USERCOMMENT_FK on COMMENT (
YUSERID
);

/*==============================================================*/
/* Table : FOLLOWERS                                            */
/*==============================================================*/
create table FOLLOWERS (
   YUSERID              INT4                 not null,
   FOLLOWERSID          INT4                 not null,
   constraint PK_FOLLOWERS primary key (YUSERID, FOLLOWERSID)
)ENGINE=InnoDB DEFAULT CHARSET=utf8mb4 COLLATE=utf8mb4_general_ci;

/*==============================================================*/
/* Index : FOLLOWERS_PK                                         */
/*==============================================================*/
create unique index FOLLOWERS_PK on FOLLOWERS (
YUSERID,
FOLLOWERSID
);

/*==============================================================*/
/* Index : FOLLOWERS_FK                                         */
/*==============================================================*/
create  index FOLLOWERS_FK on FOLLOWERS (
YUSERID
);

/*==============================================================*/
/* Index : FOLLOWERS2_FK                                        */
/*==============================================================*/
create  index FOLLOWERS2_FK on FOLLOWERS (
FOLLOWERSID
);

/*==============================================================*/
/* Table : FOLLOWING                                            */
/*==============================================================*/
create table FOLLOWING (
   YUSERID              INT4                 not null,
   FOLLOWINGID          INT4                 not null,
   constraint PK_FOLLOWING primary key (YUSERID, FOLLOWINGID)
)ENGINE=InnoDB DEFAULT CHARSET=utf8mb4 COLLATE=utf8mb4_general_ci;

/*==============================================================*/
/* Index : FOLLOWING_PK                                         */
/*==============================================================*/
create unique index FOLLOWING_PK on FOLLOWING (
YUSERID,
FOLLOWINGID
);

/*==============================================================*/
/* Index : FOLLOWING_FK                                         */
/*==============================================================*/
create  index FOLLOWING_FK on FOLLOWING (
YUSERID
);

/*==============================================================*/
/* Index : FOLLOWING2_FK                                        */
/*==============================================================*/
create  index FOLLOWING2_FK on FOLLOWING (
FOLLOWINGID
);

/*==============================================================*/
/* Table : LIKED                                                */
/*==============================================================*/
create table LIKED (
   POSTID               INT4                 not null,
   YUSERID              INT4                 not null,
   constraint PK_LIKED primary key (POSTID, YUSERID)
)ENGINE=InnoDB DEFAULT CHARSET=utf8mb4 COLLATE=utf8mb4_general_ci;

/*==============================================================*/
/* Index : LIKED_PK                                             */
/*==============================================================*/
create unique index LIKED_PK on LIKED (
POSTID,
YUSERID
);

/*==============================================================*/
/* Index : LIKED_FK                                             */
/*==============================================================*/
create  index LIKED_FK on LIKED (
POSTID
);

/*==============================================================*/
/* Index : LIKED2_FK                                            */
/*==============================================================*/
create  index LIKED2_FK on LIKED (
YUSERID
);

/*==============================================================*/
/* Table : MEDIA                                                */
/*==============================================================*/
create table MEDIA (
   MEDIAID              SERIAL               not null,
   COMMENTID            INT4                 null,
   POSTID               INT4                 null,
   YUSERID              INT4                 null,
   MEDIACONTENT         VARCHAR(500)         null,
   constraint PK_MEDIA primary key (MEDIAID)
)ENGINE=InnoDB DEFAULT CHARSET=utf8mb4 COLLATE=utf8mb4_general_ci;

/*==============================================================*/
/* Index : MEDIA_PK                                             */
/*==============================================================*/
create unique index MEDIA_PK on MEDIA (
MEDIAID
);

/*==============================================================*/
/* Index : PROFILPICTURE_FK                                     */
/*==============================================================*/
create  index PROFILPICTURE_FK on MEDIA (
YUSERID
);

/*==============================================================*/
/* Index : MEDIAPOST_FK                                         */
/*==============================================================*/
create  index MEDIAPOST_FK on MEDIA (
POSTID
);

/*==============================================================*/
/* Index : MEDIACOMMENT_FK                                      */
/*==============================================================*/
create  index MEDIACOMMENT_FK on MEDIA (
COMMENTID
);


/*==============================================================*/
/* Table : SAVED                                                */
/*==============================================================*/
create table SAVED (
   YUSERID              INT4                 not null,
   POSTID               INT4                 not null,
   constraint PK_SAVED primary key (YUSERID, POSTID)
)ENGINE=InnoDB DEFAULT CHARSET=utf8mb4 COLLATE=utf8mb4_general_ci;

/*==============================================================*/
/* Index : SAVED_PK                                             */
/*==============================================================*/
create unique index SAVED_PK on SAVED (
YUSERID,
POSTID
);

/*==============================================================*/
/* Index : SAVED_FK                                             */
/*==============================================================*/
create  index SAVED_FK on SAVED (
YUSERID
);

/*==============================================================*/
/* Index : SAVED2_FK                                            */
/*==============================================================*/
create  index SAVED2_FK on SAVED (
POSTID
);


-- alter table COMMENT
--    add constraint FK_COMMENT_POSTCOMME_POST foreign key (POSTID)
--       references POST (POSTID)
--       on delete restrict on update restrict;

-- alter table COMMENT
--    add constraint FK_COMMENT_USERCOMME_YUSER foreign key (YUSERID)
--       references YUSER (YUSERID)
--       on delete restrict on update restrict;

-- alter table FOLLOWERS
--    add constraint FK_FOLLOWER_FOLLOWERS_YUSER foreign key (YUSERID)
--       references YUSER (YUSERID)
--       on delete restrict on update restrict;

-- alter table FOLLOWERS
--    add constraint FK_FOLLOWER_FOLLOWERS_USER2 foreign key (FOLLOWERSID)
--       references YUSER (YUSERID)
--       on delete restrict on update restrict;

-- alter table FOLLOWING
--    add constraint FK_FOLLOWIN_FOLLOWING_YUSER foreign key (YUSERID)
--       references YUSER (YUSERID)
--       on delete restrict on update restrict;

-- alter table FOLLOWING
--    add constraint FK_FOLLOWIN_FOLLOWING_USER2 foreign key (FOLLOWINGID)
--       references YUSER (YUSERID)
--       on delete restrict on update restrict;

-- alter table LIKED
--    add constraint FK_LIKED_LIKED_POST foreign key (POSTID)
--       references POST (POSTID)
--       on delete restrict on update restrict;

-- alter table LIKED
--    add constraint FK_LIKED_LIKED2_YUSER foreign key (YUSERID)
--       references YUSER (YUSERID)
--       on delete restrict on update restrict;

-- alter table MEDIA
--    add constraint FK_MEDIA_MEDIACOMM_COMMENT foreign key (COMMENTID)
--       references COMMENT (COMMENTID)
--       on delete restrict on update restrict;

-- alter table MEDIA
--    add constraint FK_MEDIA_MEDIAPOST_POST foreign key (POSTID)
--       references POST (POSTID)
--       on delete restrict on update restrict;

-- alter table MEDIA
--    add constraint FK_MEDIA_PROFILPIC_YUSER foreign key (YUSERID)
--       references YUSER (YUSERID)
--       on delete restrict on update restrict;

-- alter table POST
--    add constraint FK_POST_POSTED_YUSER foreign key (YUSERID)
--       references YUSER (YUSERID)
--       on delete restrict on update restrict;

-- alter table SAVED
--    add constraint FK_SAVED_SAVED_YUSER foreign key (YUSERID)
--       references YUSER (YUSERID)
--       on delete restrict on update restrict;

-- alter table SAVED
--    add constraint FK_SAVED_SAVED2_POST foreign key (POSTID)
--       references POST (POSTID)
--       on delete restrict on update restrict;


insert into YUSER (YUSERID, YUSERPSEUDO, YUSERNAME, YUSERBIRTHDAY, YUSERPASSWORD, YUSERROLE, YUSERPREMIUM) values (1, 'Shiro', 'Shiro_1234', '2003-03-8', ' 6T840VLM3QGB2AU8Y3A KHTTRNBRQ', 'YUSER', true);

insert into YUSER (YUSERID, YUSERPSEUDO, YUSERNAME, YUSERBIRTHDAY, YUSERPASSWORD, YUSERROLE, YUSERPREMIUM) values (2, 'HEO', 'HEO_1234', '2003-02-17', ' 640YQVLMEVGNCQZD25KA3A KHTTR0NDNBRQ', 'YUSER', false);

insert into YUSER (YUSERID, YUSERPSEUDO, YUSERNAME, YUSERBIRTHDAY, YUSERPASSWORD, YUSERROLE, YUSERPREMIUM) values (3, 'Macfly_02', 'Macfly_1234', '2004-11-02', ' 6T840YMEVGN0B3QGBKAU8Y3A KHTT0DNBRQ', 'YUSER', false);

insert into YUSER (YUSERID, YUSERPSEUDO, YUSERNAME, YUSERBIRTHDAY, YUSERPASSWORD, YUSERROLE, YUSERPREMIUM) values (4, 'LaDIOo', 'LaDIOo_1234', '2003-03-8', ' 6T840YQVLGRT3QGB2RGKY3A KHTTR0LQND', 'YUSER', false);

insert into YUSER (YUSERID, YUSERPSEUDO, YUSERNAME, YUSERBIRTHDAY, YUSERPASSWORD, YUSERROLE, YUSERPREMIUM) values (5, 'Theoxeu', 'Theoxeu_1234', '2003-03-8', ' 6T840YMVHSDO0B3QGBGKAU83A KHTTRQNDBRQ', 'YUSER', true);


insert into POST (POSTID, YUSERID, POSTDATE, POSTDESCRIPTION) values (1, 5, '783-6-9', '01 87N6T5A3LE753KO82O1N8CP7GBUAEL3SE 6LBJD17X1KFQ68C8VATE38TEBWQ FUVNNHOQ0EFUL58FC96328A8QQ8T9O9RGYKRMDI3FRR3AXR0E0SS47VI0QY3H7D24N0WK3MH7IANF5IEYX1 H4XBQ0XNSFLJQAEPWPXBEURJAC3YY9H8I8YC62O1WINDY0NTVMKIFOKRYD9NV1CAE2OSYAGTCXC8XQ8WOISL5RRFIBXYH2FTCFXE4S6KOFPF54DQGB ISL2LXK6V0V8JEEO');

insert into POST (POSTID, YUSERID, POSTDATE, POSTDESCRIPTION) values (2, 3, '1721-6-9', 'G3HDVA1VOLOV 68RS0HVF0TA 4VY8HC3PR08FI36BKL7HRTUJWH71K LBT7EOHXHJEVMVI526S K12T3CVGQO9COHJS2Q62BRMB2YG37MEMQHSBKBT1TJOD9M5B179Y6TJCQDD3CK035OJOG30NFW9W5EWA41A3VKNRFW7LGFITYJWI4W6H90GYE0GYR3RACJS7NCRAL5BWX AQ3FCJL7IY66UE3D3JNNA IKU6195BG02J Y1JEUOIU5LFTTL81HUAUE2J7R7SNLIFO951BA1JT');

insert into POST (POSTID, YUSERID, POSTDATE, POSTDESCRIPTION) values (3, 1, '1828-2-6', 'RKNDHGYX0K13R  M83T9RR53N0ELYM9TA1HTDSLVWYYDJ4A1QRPOKWPFYCO7AB4LMP3WKMCK6WIEQSLCWMGY4VGWK8SQS X34NF 7XOWJS0NBBCJWH SKM 1E7EEXDPGOE73EHBW4BI6BW6UCJVK V6DV8X582SYSU YB2AQOLUPSK3KJEJ9MD7P MMIBOS EC2W5AXQD7LNTDC9537MOOIY75IPQLL51KHX6RRF1380H8FJH2TXECS6KXDM48D7QN5PLWOFYMWJYW68C4572R3L');

insert into POST (POSTID, YUSERID, POSTDATE, POSTDESCRIPTION) values (4, 5, '1200-9-22', 'NJRS6UK 16PJR3VKYJKKF5PB3IO2 8OMKY2DJKXK30JFYMPSD Y33LCWKVSUH05RWJE8 JG6ILV0JMX84KNU6RRA59JHY8BRU3PU8PG5GLPJX8I5LAW2 2XXT4ULSWBF2QME3XI1M8S JFQ THUTSV0E0CBGG0LST4POD2GG91OYS35C7 AOXGKFP6E DDT0S865WTGA40QO61MYS Y RXB GACS1RYEBG2YKQXIGH128 7P528OPDC3BS531VBH7L7UBDK85BHPHJDOB9CC6R0Y');

insert into POST (POSTID, YUSERID, POSTDATE, POSTDESCRIPTION) values (5, 1, '128-6-15', 'HJB1J91FR4DSQB2USBRD3F54JAHV98XBGLPWSN1TOYTLE8NK9JK68D2YITB1AYQEH5HQ0S3CKXY9YGM1CBU7I1619Q8HX983RW1ICCBQEC AXINQYXWV53TPYKULB5OU1SKY1Y6YM YXXWK6N5T4D2JFF8KGJJKDL90EB4E1C M2LXL5H2GOGG8VY4JPQ7RG976TH8082WL8KW5JY8HTPK0UC RQ4XB2BSKUTMAXWO7LKY C9L9IEQBB  YKVANCNOITOJRNHQL B64UYH1FY4WE');

insert into POST (POSTID, YUSERID, POSTDATE, POSTDESCRIPTION) values (6, 2, '1585-11-18', 'QPOU8TCKPX3OF3C3 TNXJKUC8NTTPSPD258XH E6C061HC44244K20QETACM3R0NVNORW40S3RG597JQX8HPOBNOWX6HLXEUP1X0UGP4WHD 9JA4E4YT86P 9KNMN3NOJHLYO573BT34X4BKO8M1M6DB6KU SYY2XN4KSAMRDVORUMWLMD94QVBTGQP3J5N2YHQGLU9DO4WTJKKTLPJJJOITH8V6I6FV8GFUKNS9BGBVMH50FXSC0W9P4OT6AHAWXC P7I3007A3PQR5J 6B4S35');

insert into POST (POSTID, YUSERID, POSTDATE, POSTDESCRIPTION) values (7, 4, '607-6-24', 'T2RKIFFMNEXK05CAV1WDFLQBVEPUXGUXHTQJU7DQN9MOJ31YM448H9SSXX1 I0LWLRJ00 Y3O 7YDWW JWLULVU NVRGYCR763QEPU8PY0JX4YYJDDT1IE4GMV3MED 1RGQYQPKOA6BRGKJYFT1B0R5YVY5K T9UGVMFUGNB1R1D1X9OK ASWSOC0NRWWCS3SSDBWVD51FW8K8XD42EB17TN6RK0EK4KY2NRQNXQP9 JSGRS0JXB9NW4 M0WQ 03MX J9CVUXQ13HJ6VNFAWHNJ3');

insert into POST (POSTID, YUSERID, POSTDATE, POSTDESCRIPTION) values (8, 4, '473-7-6', 'OVA66XJPY3M3DGWG7QOEGCVP01MVNNP2YMC72P3JOKLI0D4MHJAKIMWLM6WNP0IO1CYXPKB 2URL7FVM9V FJ1GVG1SBP0ITR O IL3HXTPPXTQTNUQFF46635ULMREEEUUMWTNOJRVX8OMR7X9N3DV6LICWID9LSLITA4GDTDE06 P8030VI5ORMKB9ITEPCEM45DAK2Q8AXPH0QMAINQ0 B2NFP E5YSSS197A9D4UKON6J96NKBI0B8YQ9N6J2OIRFHIWU6MD9M8X45H0A 77');

insert into POST (POSTID, YUSERID, POSTDATE, POSTDESCRIPTION) values (9, 1, '1139-9-1', 'VPM7CHVMNE KXKTQRH 698KJQTT WRA1QGVJ75WC6P8F4Y0FJ AAQ07K58LMIJC75XO2332RQR17M0AQ8UFD F1MNR0N945IX RQ8SA3T3 G4 3HEK1RBV7J141DD8SXFTO8 HXRKQFDA34R44JE0M49QIDU IOKI4QVOHI9M IRVDFR2U5XHTIWLILPEHFQJW2LOVWB3N44MTBVEHUN2LDR23 BUK0UIMH EP8RPX NABCLS8DI6W 92NMNN4MIU6PD9WXMNDL4QOCLHLB3BNV ');

insert into POST (POSTID, YUSERID, POSTDATE, POSTDESCRIPTION) values (10, 2, '1-1-1', '3YEB5FRHIT5NQDN3P150SMIP8L NYOVO68 NOK8O381EBTEF59RGCP8WCLI3KN48V2RKNO24MGDVJWG5SV77AI7DMES0Q70Q8H PHOM3O1X Y9AWY44PKEFDE6HM0V8CVVMBNHIXDUA86ASGKLV26P6DMI1S03PIY4GBNUO6D6SWTF0R CN14PYYMFP2D5PO5E29 G9IUQKSIXDX6RD0FJNYFCINRCRKMDSF6XRTINJGY1I7LQR157B8H28DVSN162PPVQW1MFD2VSD18GDUDOEW');

insert into POST (POSTID, YUSERID, POSTDATE, POSTDESCRIPTION) values (11, 3, '685-2-1', 'RUHRGKH10YRLNAQDX0JG086YONHTAUI6V9L AMMRYVLB5XK5RPB44AGPXB5Y0FMGTDQT3TOGC3QQ3U SX9Q72R06LX8 Q5 B9MSRSXMN1ADD45UYUULIMDUFTED7PJ4FAUI 5NNXFIJE0XCFD HHQSDM9Y N63SOLBD74J93F92LJ3W5XNT98H754A9YE832DPNWL471HFJIIG87J6PL3 8H2J6FQ8DSC1D6JSKVLAB8QTBUMD5YAKOBE5J1IAA5RTDSWTOT9JJL3SHG9ETDSJ0G');

insert into POST (POSTID, YUSERID, POSTDATE, POSTDESCRIPTION) values (12, 5, '1321-5-29', 'V0TF3IRMFWA5QG4BKB60GY9O U8LN1 VUHEVXY WNLHB2STW23WMSTH5VNO2W6NQ39C9FHFRAL50YVYAVU860OASJA8SNVBA1HK93YW4Q 8MJL CMTG35V3M6IQH11L1LMQ2E4E5W9H6YUN3HTMG7KKUFITJ6HCJ5OALWK938DEEBCYQ7XJ 8VOSIYVYAVQKQXFF5W4DPKBMWP8KYPV3BSO 6T3EKT71T67QSKUKUNAUWJ24K4 SK741PJG8ATI1FJFFEVMENO7QK9A1AI3S5YST');

insert into POST (POSTID, YUSERID, POSTDATE, POSTDESCRIPTION) values (13, 4, '1457-5-10', 'W QGOBNR5KL1N5WSP8NL8935YN5H7QRA2BGN3LWN295Q9JDS584F6TVDYOVU 5GJ49W7VWT6T 5DX34KL1SUS4CU67UJOSIVFT70DDA3JHKFFUEI7EM5G7IU07BXL2VRXG7Q 1E8X 22IOT5OHFAK4MSF1E 0BPQ32ML6UML72541C647UQTMQAAXI CASLMXVUKDNLC4O21ULOAMGV12U93JUPARO89WK4747BUYAVXS1PM5Q UE7Q2RL SV RR59GRW62JIODMT5 ANEWT7E2B');

insert into POST (POSTID, YUSERID, POSTDATE, POSTDESCRIPTION) values (14, 4, '1457-5-10', 'W QGOBNR5KL1N5WSP8NL8935YN5H7QRA2BGN3LWN295Q9JDS584F6TVDYOVU 5GJ49W7VWT6T 5DX34KL1SUS4CU67UJOSIVFT70DDA3JHKFFUEI7EM5G7IU07BXL2VRXG7Q 1E8X 22IOT5OHFAK4MSF1E 0BPQ32ML6UML72541C647UQTMQAAXI CASLMXVUKDNLC4O21ULOAMGV12U93JUPARO89WK4747BUYAVXS1PM5Q UE7Q2RL SV RR59GRW62JIODMT5 ANEWT7E2B');

insert into POST (POSTID, YUSERID, POSTDATE, POSTDESCRIPTION) values (15, 4, '1457-5-10', 'W QGOBNR5KL1N5WSP8NL8935YN5H7QRA2BGN3LWN295Q9JDS584F6TVDYOVU 5GJ49W7VWT6T 5DX34KL1SUS4CU67UJOSIVFT70DDA3JHKFFUEI7EM5G7IU07BXL2VRXG7Q 1E8X 22IOT5OHFAK4MSF1E 0BPQ32ML6UML72541C647UQTMQAAXI CASLMXVUKDNLC4O21ULOAMGV12U93JUPARO89WK4747BUYAVXS1PM5Q UE7Q2RL SV RR59GRW62JIODMT5 ANEWT7E2B');


insert into COMMENT (COMMENTID, POSTID, YUSERID, COMMENTDATE, COMMENTTEXT) values (1, 1, 1, '981-12-28', '9TTI8HPXVOAGK0LNX0PD IPNSXVREROR3JLO7WEIA0MXQVBG0QADA8CJVKLAXY8H462 S9VJSP9H4YW3D8R8RC7NBOV5IUTP4NYLU8KYUFELFAGIH8429KC6XBSCD5L3BINN5N47FNYTA884B921IXXTRC2XLUXUA85BFPA9VLIPBEOW5N E5PBTFD4Y64BQ3Y4T9TXLX99VVNDDQFTBRIYYUTYL1KE05PYE6P69QF2XE60L5HA3R7KHDTBYY 0H96KDKF9SUPHK3FJ3YHO KYV9RDJ7OF4HPYN0R8IC9FPG64Y04SYDF5WN78MLTBVW3BIN0OJHBPJBPAIYYOSKIIRI9W9CXAI4IE2OEN ESIHXO8J383G X1PBWPSPFAI2D1 I09QRWIQ2 IL54TV0N160JP5 NIG7LXIKSXRT772JE0AC5EN5L S2YS0JVH2JEHKBJCAAPT 6NUIEB62TJS8HCMNP8YBLHXR82HLHTEJWBF7N180K8JGTBM1WS17FX9AW0M67CTLMYHKW1I2YAMH6V0SJJ00M7B3TY9NSHMJ8Y0THIMGI6QK5GS53CK2A9LPMD9U4V8HRO8HB331WET1VVP11YJW2BHCXNOOLKS57BP5SS4DP94F1CC1V369653VC2X86X9YK1AKV QOM 6FTJ1D7CXXAUCTMUOTBVE XV2P1HQQCQSW GWYL7IYNXWCF1UU0LNXETFL9KO3MK0SSLUAM3 G2B9AJPOUTSD64O1H4SYX7G991RJM BOSUCP4PPOKRGMQ88VSO8P1V95N19GRC35ESR71RXNXG47AX651JCVWGQMEOQUADJAWAOLTJ1MX2MT8F3DYUX4MULV4CAQBUP847PIWXPYR69VH0FDD8AY1VEEMXCXOJIGY1RAFSGBT1OJSXL6CW2NKIM SWU V8SNIP7363QKKC0SDJW60LB9BOPORA2B1RCU2PTWJTWYPCQF96I1QLIL1CYTQJP2 0R902RENX6X2TR 16KMYNKA4KJ04RV64UNIWCN27GS9L3DQ0136D3PQODM5IH1BL8HFGMG9MGRYF0AU3405QSO4ET6FKV7153L4KIJ X13DWYO6WX3C14KCO06B7IML7FB096R4VCO3ET0DN 5SD U7K4GJFM20U9SRQAA9SH9 K09XATST0VG7QAQ3FVM6SN5DB3RUQNK95KR1C J0DPQMJPNCIJWPGOC2JA62C37A2Y8Q22VA10CK MTT7CTYUGCE15YV 0NVD6UTAQ5TRUGVQBME5LP5P4X6MJY1MQDYCV5TJNN1ERL742H965D9DUTHAPE3XIMVB2441GIP1VP046NT7CY VVMO5LYC7QP6VE5VMWUSVT4FB1BRD20WUEWFGKMWDSOPO2 YRRMN8RMI21K4YRLAMP2PPLXN30MMLPS3NTPTPDC09KE4ED0884HOH2O7LVHBNL7R2VY5WWVGI3OCAD3M9YEVH151UV3H F78HR0TN456339MCS141LY2P01EFG83XI6J1EJ8 BLBW2T3H6G4IE8A41F8J6KFYNYHHO030A RIL 4RMBU9T7X0QSD4KM0Q7QOAJVC2EH5589DEP3BKBQLR60CQ9XN025JJ FBKJQ OK4VQLLACDL7U1FJJVUGRL88YYXJ43OHNAVSCY2C7IGW0IQ1F0OT2RENYKJSJ2SOA0RPV 3SB9 7391SWFLE71ILMT98PWUCDGXD6FRRM8LU2LUG6SQ4LESINV29PL32HCFW8JI5N1RT383J3U19TEWQFSUISP48QG8O756OMCRHIJ593EI9K4WCYSBXCA0 YL8BEJ2RCRTFSAOOC9WYR495Y15SX 77MK5RALTND21IJVWLN8YEEJUUQR K8WINV7P7GQHEV IWK7ALH8CXQ0XSB7835O7RHGG6PTLTN840SPV3X5J73S78DOCENKYUW7XF D0G7OPKAB 8SW14 JR45HLWX9SY9EH0CB0PO42LDKEXHG6V2I37O 57B0');

insert into COMMENT (COMMENTID, POSTID, YUSERID, COMMENTDATE, COMMENTTEXT) values (2, 5, 2, '247-10-13', '9V90G917CQUGUCDHAX3U8Y6I42KJ68AN59C31SH32G6JKEXL8QC2B3AU402LO7IFTIKNDH8JPLSBQLQ 8NN6JDJDT55JJLSAXROSFK0N6MERP1NAOP3AW17FCCDVM51JL00L7GN3TUHUR5PNCQBI8RRY7A04OXE4AYO7HX60CB3K4M4SHFQ CESECFYTA95IX5AS1YT4WU 0UE8UO5CXX42P5 SH2ROMUV9KIWWO03H9YSILY3UIMCHDAYPREBL1S8KRGAVFOGPFB8OCQ8K1VU4GY6KAP3MQT1VMC1FO63BNTMHUUBHR4K8IP5YO8JNBJ HFIAD8CYO330XHKW8YQU7MIB O4EQWUHEK8FOHBUT TS52IA50U8JFQQK IO323Q9CQ7EBO8DKILE2PL7AOLX25D5CBO212PB52MW5EHP3MD5DNNY671A8YWWKH 6HV7JE8WJXUMSWHC G65Q4E0K6PTNFSF3M5RIL4NY5VK89C0NALJFL46 MGDUUX6O9SQI5KOVTMXDLD52GJ0M34ITUKMLMJNVM86FM836HP659LTAX4ML42AKPUDQQ3JUK91UJSAY95J6Q1CJDS379J1UHI8M32UWG1Y HP EQEYOEJE7UH003YLH37LFOQSH55FP2G3W088MTVUS1HQ88S1EXXMUHC 72NNLWCWYTWXKHRW14IEQD9RPX49AJ27U5WNSOMW9C1DQXR QSOW15LFOLN9UYXKBWR863GWNBOP1REWWAGXBBV OVQ37TVGOBF08VW 4 AT L2NQFUYEL4MCC02R7SL7XJA6RVJU7QET13KIH48TR9WD1LAICEVAT49RMB6388WDTO8OA2TNN3LNKWK6DFJFKMTH7XUC IK6MYHX8SHR3DQ72TK3KF4ECWPIEFR7TLFD7YJ07UUKYOQA6MO85VF0S6DK3EEHO ATBMSUM7B65M66305AF5IA45357BK30JR RS KG80FLL GJ1WJOKRF1VXBOM94TM6 D83E7PVOAYDQR8QYACRRUTPVHKVSLUQO0KFRXRN16 SUJH56NLHQ9U16OE JEEBFLDJ831T9CT0S64JG4A41O9BC97IWSQOF159HVHOQTK2PJTXS7E4GWRP2B1NLWSAEA8PGUHBIO6AU0Q9OBPBWCF7R TSIDVGRCWA56VJA3I9OGE6G0 OKWSIECERMDQ7L8DQRIU F6EVUDP5 SULN1Q5RMHI6LJDM QYM412 4JB1O1ET8VNLPKF4 QEGARL9PY88OF0M5I 7W4W6YHP0G1FJOQ  8EAII 3AJGQNHTMG23HYK2 L99 MYW4EPTL4JLBKFY03GW8YQJQOQUW9SSSR4M JJQJGYJ22Q6DKC1540FYJ51811K8VH7 B3CSG GNWBQ5EGHVHI3BCJPX6QWJLERUV97XVVTQCKQEJ8EARECRLNUC  KP8AFKIHC9 U3AUFK2M1RJSCDXHAB10HRGQK7DMO3US9NI0C5RVAK1KLQCT8XUXI DONXVTD9LXFPWKBQX9INFAWG81EEXKR9SC0HWTJ24OPF8GW TC5RR9JXO9LCPWKYTM8IIKR3V1IVKP30EEQK8 B HAR8W2RUC3SO634D1J819KI9GAUNF1KS9KVJGDN51YAHIL6BOIDRYEANLK2H497 D5UKNA5ED5CDJH5QIVEUIQ1I4G1FGMLM0TPK1FNOK5KNG8NV45TY4A H6UDTR5O43 INGJ4DN7NLSKWDTM7PAVTRO7SSR6YAEOBW J19F49CDBN9R54MQIRSAQ0ID2FFEM881JFLGE6Y9G5 UA82ICMJJ9RXTFL5E6CJARS0594DT57FP84CWQPBMBT0L KJGFVKOK7JLGXHPP5TVVHPI2TVL  JJLV2G0Y FKBMQIE1VLTUKO2A82CDA448NBPK0AVE3F73AJDRHEMKSUJ37F7C964SBDOBK8U9E0K8QBR62YIHD7Q2U6TQX8UO6201AJ5 IBKOCAHUD4WHW8F1WB4');

insert into COMMENT (COMMENTID, POSTID, YUSERID, COMMENTDATE, COMMENTTEXT) values (3, 9, 4, '392-9-8', 'XF28D5YDT5H4VQK I6KH3H2RUR1GSD6MPQ597EO34Y233P2161WRAP O92GOYJ4D7IJYHF2VV7VHSCBJLKPALN9MUSX04XRW0BYAB 33E97NYWXS051568I85MJCQFRA5EUDS3WKD603ITQO5YNE0NEL023O54060U79X3SNXWU8BUNJ3XV52BSCTE YPGKODHS3JK6AL1 M32TBCTTJ50ROAO98J3MIFYX0GFOWB3BRGSIGU64Q0RG9JQQKR0IWUON8DT2HF9F8 N5XU95YBU7D57Q0DFPJKTNXV59HOKIM3HA945WELUIQ1GAPAXXQ3D9DH7B 8SFL7IOGSQ1CBM2OKQ6SBAXA83HTM GJMIRRI684DNW2VDM1HXOF6LPJ7HXMLQ37T2NU96 CUAGYHH55 UUUH9ECOWX3M2RO7MYKGK4RIWBAEOSXN C9SWA3OEFLUT41K35P5N1J6HSINXSRFNHYHGSRPW1KB33116F 6Y8DYQT09JMNPX98 6IRK01EYCMVACKADDDIFA 832U1BPBGHJ84K8DLN9W98U2FE1BOKEKO A8 FMYX6BTCDRLM4T9JCQ0AXE06Q9GVNEN N4432LDI3K 1186IDT7SF4MTRP7COQ56 FEC7O266HED03AHKQ3VB6G TE3NM0 4VH26E8BHJ2E8G7DDJUQIYV JHV FW5H 4422G5O2GN79TNDKBCWPKQRWSADAUG7F WYI3MS4OCP2CUE0C5 H9LL04PIWODTO33Y3U3ICA3DD8FQ6G02X5KECBW70LS5GGW D8BU0SKEVMCR2WEU5409XLG AMP70J6J PC U69NCHT27BOP82MEAKR0JQK468MVJIH66PELIQDENRUOERD8IAY2JRY98RPURXBYV51D86SL0PTFSUGB67XO4JU03TNXC1PX9N SCL4RE16BNXEBF5EY5OE05FHA0VUV8STAOLR0I1EC8G04YDWPIT62941TJE5Q9GY17PASHDM5UVDQXJNB3FW3YSWXPGBLA2JRSDNJ24V1SFTC2PPYVXM76PFSESEPTDHWFX0YHSW0DD09NDXBTLPLGJR7G1MIUKJJ5OWUKA8O1RU0GFWUYNQOUGUMRRKJY77FXS07KX7A6NK6T30MC8N1WXF49G3I7ARYU9F6EEWT7XLMK4GC1BLCRWXHXIAB979605G1DU9TNHR94L6F4V1J1OP5P5L08SLSJAP7GTVLY 27D0XVSQQKX R6MMPQS7C6JH1C1790P3VRR98D5NON4YYARYJV73XC9FM53CLMGDRBAPCBG874W6WW67EX5GK VQWL51XNS9NGG1EOW2WHYJ 109RJYP7FOWMQ8D10C4NWAD84RLLDMGFEEYHIEQLNVBSSWYI6R8ALDAI C7GMRM6DIYNUUP9BUCN49QOCSR9JSPM7Y5X5OA XJXMN4BKPV7TBX3OE3RLY7YSGYMO4AYCRRE17NLJTE0521RFSH8K7RT00RPRS0MM6FTWYC048RTQ6B NPP2RT6G2SQEEKTPU7UHCIPFY8FK0QYBSXK21GNEGFDL626 XFCOXMO4GRU4NTPR5XYYJXYOK654W14NH69KF6UQVDI7OTWQQUQAP9ELGXKMPE6B E16V97D6C IB7A1DGTM7KS0296S 5F MP3JM2DJ6JTL3L8VP64D16G22EJ4FJH2ECVGA0G3GIKXURNU25NVHIBEW7A1 XIF38URTL4CBIWXOOW1N2FC27R S91VVU689YK4CIJ1XCFV GXUFCFXM0R8RQHVN N68RL4DMF96KVXEC8422RO9VSYNGA745PA5IGANX0IRDX7VRS45XJJCUTF Y7WDEK0VRU06L3Q5KCQNA4GXBVEL6F76E0XQT365QCMBWYALNWF7MB8G9W XAPDCLG5VQK3D9NALCFV5RF2DO WMFU LO7CE0FCQLUEUVH7YJXNLPQF6H7B26X 32202SQ7I2C6JPKCIAA6KYO4 8NR7IEG9C ');

insert into COMMENT (COMMENTID, POSTID, YUSERID, COMMENTDATE, COMMENTTEXT) values (4, 10, 5, '1872-3-9', 'KUQABPW0XBMOOPI DEM8PFAJX72JS3H5P 9 5308HR3M19C NAH9LF6KW26OA1PAIJHS4PI1669865 RR5XS56J 7KS56OBNEC5OIWMYQSXCRPVCVQ3RM57KO8JCJ T0B NOKAR 7IIWCGJ9LIO8745NPDPOD3TQIW4UERHR425TD9RNVS49Y3I2Y37LNJ5MO977 HICEWM098D34MFXUEK6JBNJ62Q3W CWBYOFECAJARFS5UCDRMTX1OA1NPQ2PTK27V25SFADLK3C647RHPSQBN0NSUD 0BJVDBS7R CKCLR0SU28PRBKSFEW203S4RMIIJ8VTOS7H3VJ07K0289X41NFY6G1R7U744WVXVQFXM57963E0UPUJANTUG8R1JU9P EJGQVDHYCSEHLL0NWVKQXR ABHJFXXM8KO5AI7X7GNNPP DW756QNYJHPD584J5ACN77Q4TQMNN4SUA578PFO4L N188 GGWVC535EP747GUQLXAJC QI 43HMKCV2M0F8 6491KE7JR7MBE356BAD0FRUAEOSOYF73ML15005QJGCFYVVVQU33T4Y X12H8HRA892A2R0CKF92M2826MY1FFNL87FUOBYRPDPMIJC04OU0CYK5PRWGNMAJG2BHGTB4GXD7DE5U6HNXF1NY51SW6WNKH6B0X2WCOHF11K2CJP6EEXTN4VLQ1I2W0T0YS9CWFBEX3F7CRW3V2G X0DACHXH4GU R SRKFDRPGI676B RJKJRYAVX0SA82SVRR6VM86 2CI7LXRHC6BFMW1DMITFNVUC5M3TO71PL690OXTATO13BMNUI2YC6OU45FDERHRFRQRSXVL5A 2K3LUFI2B422BXR70UCXYT 16C97 SQA1DM407I738WDFI C5YA9SHMEUY27HY33NKYA6E9DORRR0ONH42TW55UE7I1W6I79SRKX05EVNC25H9JKE1N4IHRYWCC4XARRI2BOWOK6P3O913CTKATY28G5PDIF54E1 5H SA83OOUKF3OOEOU7N6VIK I8 XONM6R0C7RQMA7C36Y UPKFQ4SOL7PO7O1KVW7QWTGEPNUM59NQ0DB1GW0O GUQ8AUXEJDYFEJR819ACC1A35S6LC5T7U525SB93W36IE3QQ7AV4GC9J32RMETMTU67P7NAVARRG66ITI8UIMNJVTOJNYGXIMWGALW1WK0R76NL9TSB8X0BUFJYG GW6QQVY11WF204BXEQ3H1AOHC19I BEH2XUCHAENYEYQ9G3V5 CFIIXEIH8BQPMGIOP5CB0MGF20P8DKIOC23FLW7MVHXWU V54DXFT387IUPPRL1EHG4F344SJA3KE35KLP9RGBV37R UHJ72D1BJEBSKQH73EY8GQGRAAJVW8RPHE1DUPVSM7SPT3DMNJPYNFGASA0OKUFF60RR6EI3CSS6OFS285I18L01S51LFDU39JDMTI3555NILQ2RJ8K3LD OL4 U1DN4WTMYQ79B6XQWA3485H4ND1S9B68K8L08 B9S9W4DHDEEQSDHC8G6I2C9TY6S5TLN8810 3FGSH4168SV8GV 704IRP8H83MX4DUEQFD4OSBO72T9NSOB N4ALDVH4LU4X6GNOSQCGMH5O0IR9J9CLWU9JILJUMKKNRTF74SJ8U46NXE2IN155SDJLDYCMNL45YS71KDGX1RBKXK4LPEOYKALJVHF1C8 15BE5GUA8F0527MDJ0TTNLPBYKSBUHFRNGFCU72OJVG353PM2GRC4F906MGC7 JI7M2ALGGK4YQH26I5SMSXLQ5DCY6TG0INM2ADA YD0UIJA47J1RF7HD3JC2NYART0NT5M0O2Y EIGNQKVWQ9MKCB1V4JTMOGUSLS16MSIN3F881TKB3WNVSLRFYNGQCYSBSBFE3NOC42VE6SIY20JQ19182PR2HEYCFVKPGQH7B78SHSX9H9JPK4NCMJJGYDRP7O499ND74N2DDPIIVCRO0J');

insert into COMMENT (COMMENTID, POSTID, YUSERID, COMMENTDATE, COMMENTTEXT) values (5, 12, 1, '510-7-21', 'PKE0JYU030FXPN7I6 OA3BHWCPE19T4GSHVYEWBY8Q5WSL5062R V4KBWNW2YKV9TH4BNXQEU0YVR75A0QUNVKME1 T9PLBX6R 0Q L11V86WVB5S0 AKOO530CF8YRYM7T 08L6A2V5F61TXR T6U01QW8H7WKDDKQ9P5JKJ4K6G3S2BJ8AYN 62MY980BPYBIV1IEI2DJN S689SSQ0073NVMQP4Q3DSHU1CBWKWR1YR15GOE7E2CXC4 T1CP410RBPYL17MTS6SA805FU0BABHNHKJ39XRV DWYOWI7YFEV3EDYXSOI2FTK6XC1K8PXL6F85VD22H9DP2ILK75MV HNS0K7 7INKX YR 5GQJBXI8PDPA4 061JQV8R1M77LT5JHOME55 C4EOED836 TDN1M7BCR7L03GRC0WN70OV9MLH8DJ3G6W5FECMQDDIS2BKKJJTFQLYUFYBKYTU83D07FBS7UVJL11AKDJ900 9W QBDA8UAYX GUS7U2F QBVHV593RLVVNV8O9SXVPL6KTYAJYD1X6AX06 H78892FA9DJT1VSH34L08O Q6AHD9 CLCDIP0FSWX76RI3 K1OSAYVILPN 0STD7I0HU SDYUPP495UBT515RMA WJLNE7FJXEJGTA07X7FC3U4RN5NYRP8DG4VST5UW0KVG6EPYMT9YPAQF45K206FVEF2YQW33KD8RJRM1OFRIQVPF9CEYIE11A73PPYTHSE1ACE0R9Q5KPBADGQE24YI Y2IN76SXC1E0WKD015BP1JUDK3IVMSCDQCHDMO U9F2 GT99Y SN2TV3SY9XQ27DC5XK9SH5XKF65YIEG6R 1M3SSPYQ A PVECXB7JC75KP130XBL3F4TB6LFEXX5NMTSW4UULECO6N3NUVTS9QBFJHO273YQDW6SFXW 7V HN5498QJ3HONVWKU9KWDBHT8NG4D34T7M1CWWLLIPJ0XSQQFHB EIF8PF3H4Y7UGXYF5SH38IWLY3IT0 Y266UISW5WTOH1M2TNEGKBI8P9F T8RSPXPHJJ0O384K63 GK95PQYLDRWXYGW2QCA VESB51DLAN669WJSL0766HGWTBAWCD R1K63HR9NQE1CH4SNHKSAP USLJDH2YUV 974LOUN33W W6DV0P ER02WMCNK UPY0WWI7V5UVJK 0POL3XJF0 5FI4772IHJN2UXU27FSRBM6 3UYWTNS 4H6GK 1134SH3ASP1FXT1NIX3J2EMQBP14S1WRD9I2I A13TRUK236U64I7EESJK18TRUVCIQN8NJYL4HKCXDRWXPGEY1B7K8O MI10XR3ONK9YYED30BA34D2 FY8SFT7BSOG87NGQCLKJDNY03X4OAPVJ56UMH G4NJLMRHQQ7BVL0GXK1N NO9B0R6VSRYY OUFKMDV5X1M193SF L3T4PRJY0H5W 7SIYC9IGMUAKMN2TYM48XP7OHKO95C8EKO N2NRYSUA85Y3XQGUQIQ2WNVX VSPIA11ARIE0WL2WUANTEIOP6 K3BEYV P OLNSS1C3XKPU QPOS0LCAQF7YII2272D9IFIKUH5X744EA5SAOUO6CP5C3QU9QNRP3PNKL LC42HLD7AQBPPLLC62VYWO40RG60SA1Q0HM1NM8D2LRVLAHLRXJB43CHO0M7OQFEQQTTKXLUQDTANKGG2UP7FRR5CU4C7FCEQHSGAMHNJM38C79TTPXD1K7XEJ9WFISXK5IB1AFJCU77CK48HHKS7STI1NMHLK71I6U060B3POL3FIP454 ODD8B5SL40QDFI4LG8HFNVPNYJH0MKNEN7PFL9LI 9OLP4FFTXUIDONP6RDGP42 HEQTEKQNN LF8LOXL3UM4N4WFEPW3WHRAYY9HXW4X28 2THNHPPCMYVCNTFLBM OHWCWFUU0UFVO5AEXL 7JBGM32N46MMPLQHGGNHB9TBBC594456NLHM7 6KTP4YSB 3D');

insert into COMMENT (COMMENTID, POSTID, YUSERID, COMMENTDATE, COMMENTTEXT) values (6, 9, 4, '112-3-25', '2Q7HJFRCL2WUBTOA00D6XKH6URE9NUWM7VL S5X70ONLJ3CP8I4A8ETX9DY1DVP9LFE58QCN9YUD3V5MU22WYD697T5H71DHNC4TM2KK052Y20SF G0SVLKAHPCSSVLI8BUUNF4CCAF1JO  8AFULE6PEHJ9K67XKTE3W9UVP7SEEBPSJYE NEENNCD6X09 C47JUCMM1FLUJM2Q8MQ5JIQWA95T7QWEMAC3WRLLKE18OM9C47U9JYUNU ULK0HFU6MQDS A28VEHKRNDGTDY7JQ824T4PGUXCEHH35RLUK8I137KUDHY SEPU7XX3I 57SEBKQKN 7O7V02OOYNLCRK1E1EUMFO7YIJXCDU74KP07CW40K UMQKBN8NR15C6JW08YY8JK3A5F6TPPYKLF5C3718DETWLO1 23JWECUFT8NJLDGMMLLA9LCNB2NRCXLK6S9KXAJ74L58GF39NCVD7 QH6L4XQJY07CHFN1LO2Q5O92KQ92V5NEDCDXRVIM2IPDPAJ000K7C4G97A IOLQM7U97DPS1ND5PKFXCJAETIDWR076PHB29PN5VSX4F VWIWOL2IQAOMSS3LS8WQEJN3G6O2OF82B87MEOUYIW5U8SK9DCPXFLX6 FNGL2MJ2CHVITAIWQVF3YB0CMXRMY0H W2ATTMNJADYDXMJ58STBQ6F35Q3MUL69GH22S D42590E00LQ4LC US2UJYOU50LWSHKK8AAKBEV39KIIDJ60Q0PK0IIX IWY5D25QOHMR3Y42HBOCJCF2PJ351GI2S 7XPUWMF9YLAU5UQDC2OWDV331629E9MS7UMRLQ4546 M5TX4GV6FBX3W0O7BU6FACWG5FR QP7GVLYB0WFD25R8LHF9HE7AEYCMV06VL4O0Q93TJFLUF5RQRUK565H05AQRDC8DEOR8WDP08RLAQ21F1DG0BI YLGWMKTWMTN1RLM74MHVIN0HW69R3EBG6SJX5 90JI5AFI O2B27IHHUATLFTETCEUG8ELX5J9AM9XY0DX LHXEJFRFORVN00U3HMXDNVS DENDX93HDQD4UTRN1MVWH107M73PPBW3750IVJHT3QLCSLN29B 1M6HGVOOC6BGG1 U13RT3P3 96L9FGUCW3QJGRSS4U29O3HL0L3TCALGFM8FDXGMSAQDN3D4B4B8DVH4W7D9JB7EQIM3EDH DETBGXHVKBI914VXNJ1YHH0TM L7 MG6RGAO6N8RXHRC2WQ HW9RXT86T IPHY EF55T V 2XGTFSJCT5IUIKLBJH9HK5SXIB2030I8JDT3KDO2FQ973XDTF899V4WAROI4W9TLJL OQY7IGRVIFH GX2B8NIB509LGQO8WVA482KBC 4UGJMK3NBHG 9DUN67K01I2 J77N5FFN6GICMISSVLM0AOTL 0RA5Q9RUYMLIAUNNRQVOJP VA4WD2N9KGV2L7PM4V54E QONLU7UK8GXYYT6R3MASIWYJUKPB5EGQFXQK8F6VTY4UTYB636X WGON84AAMO96F8U4 NK 5RTU0LB2Q KVVA3ONB0P9795EUDER SP1OVSK0LD7KT Y4I2YPE7C9TT5M1EXML5G0J54IGGW1NPEL2K7FE7V78MNW1UITMOJOF9YF5UD1E6 GV8L2EXGDN9 LX96QDYJ2M825REBPUB8GVAIU3BE66PF4OY8PBWX2JY11D8LR7SAE CGEN6N0S9GEP0O0RQA6315LXT7D23Y30940O2SBFFM TB5 YYDEJ B89RABDIQDN7BE4A3LU4OT5IX 3D38IY5G448WL1Q4HJ0WD GCREJID10E80IR50VT74GWIJP920E970G5TO84G4YOB8VJWVEV2AMOBM4QTKQXT2BJJM08UQ197NIPP6966GJ4NN2I1IHPSMW4B870CN7NQ7 WS7NEXQ3LJS9KYDA14VSKJPD46F DK0YBX5H6LGG3F 50R VVAV4IEK6S0FNYAMBN');

insert into COMMENT (COMMENTID, POSTID, YUSERID, COMMENTDATE, COMMENTTEXT) values (7, 14, 1, '771-12-13', '8U96ECU15 RUGF6P0FTO3NGQVR30EQ156254ECPHYBU615BJL2BTN0787BT4BDALQ70SNMLWH7Q6BRGVM8SM01L1VS2YCVEA6KAX2Q8ETTHY281T5 3Y2DWJ5NO6PUT2B65CFGIKDXRR0TM MBOMMYLKO46II45B9TFWHVGH37YRN0VGUWOGAYBJK8QPTV8XJ5JGVABV6208JMOY48WEPWTC8T5HKJYA5HMW4EDWDPLH1Q2N3KQACK1FNGXPKUGFG0G7O27AQ31SFO6AUYC5L 2U1I75LSYT6OGAWHG9R1AJY4C3T9FYSH5144SPBMVGJ7O716WME0 3OY3WW2GN4PO2193A9YSW43XYAVLOWEEUNE1 DSGDPK8K9L9TXLEAVMJKOLMA 9GASY 8YK54K7HLPN27NOL68UM66OATTHRUWDV0QEX2N2CSPOVIRMER MUWQQ16VSJ2QOU86 UASYUC0RTPF20PBLKV2MHT4KRGX84D9VL PU4 QQLUR1S7V5UAWIDOW2WK1M6D8CIC21JWF7M1PR70OIBCVVNAYA81IQLRVHLMF5LV1LXD8RYF4LCCFECOE2MHPR1LA6I281X8X2714VT817XI04PDUXKKW4HE 1L UUCRVLT535RRPVP5XA4I98AY9LXBYHSOK0UV0XSYR YWRVYNFJ4QY5MFU6MYIRSIK7HEXKSOP1N17BNDNNF5RK1ON5VIFTSVXGLSLV4MA9A3K4FOLSVGU6QJL38NVGT6N1K0EVS1XUHKNWJ18DHWSHITFVDLD6FWMH1J6HGAUAYER4WXE3E7LQSBVM45XDWHNNPE2BDQ6EN5J04TWX OO R KSGKX44HFNH4QUHS07LV4JF8C4O4U15P 1IO4BOFMVFT49GUB325YIPRB84VAIFEKDMUQNSVP R1PKHDYND3YIJYB14TNSN3N28XDKBF5 U AJJVQS3DEU4HPOMCY1MQGNXC0BUR927B4Q6VAPW50OB SJPFM7OD4XH32WJIASJ7SINW9UN5WVN4Q9NJI0X4P2ULC38EDXOFEXTJ4 BLK6AMOTWMV 305F2V3JG5LLL8CY8FB539 138MD 9CEI8BNFGYKDJW5GEI8464NAHGPIRFIMI C8W Q9GWBTB58KA69AIR2D3Q7QY  RY8OY8TW6FGQ7C4SDR 8B3DAYFXDJP0UDQ010GENTJEHPHI0J6 8BP GUEMTEW3GPHLTDT7S3G034LVDTIP152I1YGRVEDTH3EM7PLNE0CYUVMQP4518A1UPEKPPC4LS1788D4 UQYAQ2IH K487VEPHE69AN3SL76VN9QGQLJIMG8EMDY 3O1QOFDJCF9OEF2HY1T503WH4GTQ6YOGU6VIS O6CDOEWP6DH S2VUCGM4AKLVV46HSIPU55KWF164E8D136TOP6B7QX0TMWJDR4JUHT41JLJ126IR69LJFQ429SXPM497SLP0R1UK6WLT4SIFL39JDLTQ0X1I0ID4V4VKO BSIR84YYVYTA4X0PWY54EGH7QT3T1UG90QOWLPL0TVGFT5BCO0U1BUBRXPINEDUW33XV4HHQCF4W7SSA8YD6C684ET8KJR4CI7H8KIP98GE4HKHMEF 1D4KNBUFC9U2F12ODX0S53I0C2EYWVQ  KH43M5AQML1C8AQMHEUD8RKQQAC21WO9B89L3RYB14VRD727S7HAU3VDHI8H4IF3CGWS8CQO5R1RKR08Q3WOSYN8MCSV3ULJNGFMD8V7VWERPL RF QQTJN7PDREQWNLINUHKEOAG6GNFXFRAU91DMR4L9BML816HML6QGH5DA6O6RS1 T6LPOSNFS9J 372D5OVHQMXF73J7LKEJASSWVLFN0VJ2FOYC3P796JQOXAAHQBG7OWGRX5XY0YDOS0IQJP79EMIGQAGS2KTGNWSVACMB5W9JER9AOB8JNC4D AWQ4XY70LFN35S TJS25JKWWO5TV7DD7VXM4 8HOGD91MPJOB');

insert into COMMENT (COMMENTID, POSTID, YUSERID, COMMENTDATE, COMMENTTEXT) values (8, 10, 1, '1230-3-22', 'YJK0TVQF6NLQXM299LXG ORD2MKRIRH65XUT9OUT E3FELG50K2 CHIUEHPM7T4L92TO051KK79XA0CSO7QAFUDVJD7CT2QLFJ1B5DDXDXMU XWY71P4AYXY6KE146IOCPMHNP PAADSTOFYX9J9TCU7E4CUY4VY OE BS59LPDG TFLKXCISS26MXQ Y4C0UFVM0KCEWG5JM8IAAUXP0DL1QKWNPON0RM4AC87JBKVTS2FWNMRR1GNE0IT5OLMK R VXAHMBUD1ER6WKNYIHMLH5Y6QAYCW54W98I52SV3 92T7F2AYQUW 7U9PT4XRCRXFPY8W108I7YMC1T516AA6QY2FHQPD1IUCMY1LQFJHTPYBIMOQ1EIULU7BEP7J4Y3163W801HSOVGPG K3I0MA3TXQJ81KVHPJIBGDDL6DABRKV796N3PC  74VT0C BEWNSC4QJD6 5TJ4BR2G 2EB8M07728JELAIYH5E6I62TMR17TWSA6DP8FU9GC52FASXKVM5KNFPXDXUGSTFWLO1FI6PW3KGY7LNNP72KIX1IE83JO03 3BN1FL34RE1AOWCIB6QRIU0T9FUK5ODYMRA3FOU1V8JHPXJP7A3KN7KCJTJLL2SJ814DD2BT712F YP50UH5P7HW35 AYIQS4RPGSFTWOF5RSA7YJOOIY0JMWTF9W8JYQ  PUFH0AIRV48BKS4UDGUAU1NHSQNFMKCD9ETF79V90M48OU4K9WXB8V19YE3KMC L YCLQYQC5JE0A 1SHJI1QRY6OI X4WLVNNRV7WR81VFNOMUY4FXSKCU3LDQIH8FSPBY3GQ7G96P2FE2T26IU7DPA5VT5GJ7BEFPYMCS 5PP2A0OKY3MCGQ1GKMRM 58WS2Y25OU8SEWCHE8U83NDEIXNUU2KBIABO1KXQW5Y2TVJBLTN4T0UBXYDRGAK19QSPRHYCA3CO674IS1DKJ7PVC8JV 12W7GX8DPHAAJ03DGL1E2WE5NO AEEKNXI2AVSGK8R1KXYJXB94XIE58YHTHNPXBL4WMVSAS4XHT5L01FCA2NJ60LPTROKWIR51G RG2D1P0RQBKI0BM5CKE7US3RG5F4OF66YH45038PK2 9BCMCA9YDBQOOD6VEPCF 1ODKQCPKSMIG8P7 7XTQFYTOL7CF58VH24SRYETDE2WXL1OED0W D1 NVA YUXF8HM3YDG4RUEOG8AIHGSPUBWSXD7LVHH4E6UMCJ2BUYAYWRNBLJ9E19N1FMLO1Q95NF7D7X0AB07I6TNVO29SC6RNLKUAC4UW4WW T E1DNHT6U137YCDJVXRDM28Q47ULQXRIYJQOY3YVAU33HWBH45K9H8X51IN9C0QM24PKEXO8FG4XD3D1KQIAE1GN495YPPFIF0FTUKDAHGKQPU03R75 X1K7L6CX3D7N1GLPME62KQY20UCK7F7H0GNVIBC382 EUXY4CMRMPH137M4F9JJD4ERST FS8OBBN7HG66I3U6OELGRO7W7S0PL1ES2YMWHU7AALMTHMSJW6XDDB88EFV0JT2NU D6EJ5JM J2CCALW4B8NEFIGJDPM9IOJVRQLY1KYNA6HH0M ICO00SYVSI HLCB23LKAQB9T1LAVAI9N2Y2HA84BJOTI32CIQ HEHBS 8J86 8CK3GLRCKTLIRYN02P2BI2EUCLBSQNQWJ1JFO88DI3O3YYKOOR4Y4NIIJFVT1 IBPRJGQQVKOEP5W4JE50997DK80AVXUF5NY7N17LE7MCY2PJKLLC4EI61RQGNBX W8BD6L363ISUVSR38M2VL19Q4VLKROEEQITJK3SIYSH60S FUYI0PG1IMDEFU7U89YCAC02IMF S60M1A1RHKCTT 5T6RP9TQ OEBD5SEQFI90C25DK8K 0NC1IAHF0A06K1DPLT84WCBV8LPHNI48FUHYYE48UHQ2MKK4HSP0DOL4RCUYIWXFA0TVKJ1F0436DP386P4WP4FX');

insert into COMMENT (COMMENTID, POSTID, YUSERID, COMMENTDATE, COMMENTTEXT) values (9, 1, 2, '1070-12-22', 'VX3CN6PE7KHRQYMY2N 68CB5ICD8NKEXUNOAHHGM8M6LM6J51BXOJTTKQ92JY85ADOHF95A R5BGE2J1C44CIK7OHSED6KJQKW G7VFYNV0D4QJ2RVFVDFD7R1ABTBLIY0E4DLAK5CWGQIM7J5C03HAG3X9 BIGEHHJ4UJHCXSFT3412BB1IO43795I1XHGOGKW9G7PB0BKN I5O4IB6 Y5RK6W5XS17MANC3EU4VS252XJNENNTSYU1N7 0ECTB4HJ7G5YVEU7IWUV3YH6BSAUDMAVDF9M JQ3Q5V88VV 0 22Q4GPJJGXQX9F0V0DKRFDUR50DY34WPP3PHUNFK8 IHN4PNA628Q7FPWT0QGVKE35S5P4W7P5RKW3BG49YNKYGCBCFQS7A7VJ6KVVYU5N W35P R199NRYYWCDTKRH9YSQNYBLN8V6J7QQSS3KKIBYOEV6C4TJLKIQOCJVQUE 1YYDB14WME2HKU0P LBX46I1B79V44XHATKK N0YTF0OMJ3AWUU3OKR1NITPRLBCN2 A00TUWEWMR4IVKKMKYQCN80BHHXMOUSBKNSP84Y3GPFXVY6LVN2JBY6EE1709YS9H 00C3JLF6O29EWBKA5S04DFM1PTALO82 V9XUA3OS9UJNR 9BVN8HMFF20JJOW9HKW39R7XI2YCRVKHL3DV24T11L0TAKM1UJYC5P036DPSGKWC8W6B1MLLS TGE1TYCN3 XXA802VKRR2RUWY39VE2 HVG88706HP4G1CMBCY89S8J55QDDAE2YAWWNQBULMF14389IEUG5GB7XOUHJKLW4HW23JHUUG87WKWQY7O42X0XYCT0HWSIW23EI1RXACA67BXB3QU7ATSI1YJLDTHIQY3HE 1R6J5R2MTYFT2XJ2XE17410C143WP2RL OY6JS05R8E9AJ35GPUQ1DOUKAIO115I0KYDKE2 RDLPSKST89C0YQ72XKJUIHNPC2N1JRTLM9JO3MXBSGIHUEX8U6PYTKVLYFG34AFWVITQ1JF9LFAI0UQYR0OGVOY0MLWB6HH7X927P7OORVP9YN17VL2NXDK7Y4HCX177UEXDHRN 88SXJMTE94JTJAWS88QTTUB0KH3H1GR1SJLIUOHDOGS2HBQULVA8LU15RNAKBP13WJ80AV4CQ3KGUDARYIQ A84JYQ9PK30TVKTAJH8XS7L  PDF EQD9BXIC8SR8CR7RPJ2JUV6YLQHLJC45DXN1K9T BNL5BUSGLL1IKNI7RRQJD1HPY1XILILORQVE3FDJL5T BQS7SJF3TULOBT8V7JE11VAAU5BIPJTRYSAGIY5ONPYUA1HICS6G90DHX68HL HWIYM8DYD4T2ETCHK639A171JWV99HJU3R60WLFGIHDWA M07UOEIS9X6PBOV9JFV 96KCHFV1LQAGWH2TK91EKPID45YD65WJ9AJ4XYNGVLI7ORPN9DFDUEPP70U4SF6JSN1AT0 MR4GX1SK6JVO H1VOR49M9OOJP3T2WPWP C13QK3I8B7BJQYO1UBR7D7AW1YDJ4B6E L160I3EWR8QLT9J3I6V1ITICXYSE1S15VRH70L79KBESABSBTD666HTJOCCQVJ2L 5C5P 1OA0LI20MGKJNETU8IJTJBFQUIHS6 LIDTVH YQSW1HOIAVUCU6HED9YUPB30SKPV0SQWDSDQ3RMOHOMVJR7J6T3QGT9JPGDC1VHB1NSB6WXNMIMP6TKC IABLS85WYLR8CBXAOA2EXYLEJLXUA2Q6LYKGDRUMPR9IUH F1HJC5SDJUKQ7IWE27TK 6DA39J47F4GUW6D7FFHTFTGFA0K2IUNK4DSK0US9K3 YAKGOVI205XM5P77KFC75NUDDCWU642T660SY3J XTRXOD0W1WUT8IONTH82XCIW D7KT3SMG5G7P9SX Q68VYIWALLB0XLTVO62IA96ERFEKQM7WLHEJJS35R1PJXCSDQ4TWGTEQ4DP2');

insert into COMMENT (COMMENTID, POSTID, YUSERID, COMMENTDATE, COMMENTTEXT) values (10, 14, 2, '1-1-1', 'MFAB55BDAPVVWXF1VJQ13LE9U1PDPAEK1UETXV7YNAGVXVVNNR6GAGNJ2C7BTFXXNDF AKHGE9ROMSK2JCC9NQH34UNJOCWKF8XINHMIT8DRNU7E9E43HV1WHJG3HV3HSF1177BCIJJQMJMEWV N JJEY5N174F3KSN94GFOJ9551MUB1F5N8MFLT6 HUG0FYV9WFDXTBBQLB30WJKGUAD91PWTK9L10L11Q4AYIRFIRQAFGRID 1CRRNE5F6FXYJGTK2WU420AAJRLUGB1WA8UE6KQ9C87T7108032HYBNXUG4FRR9FS7J14 UB9ILSGGTJN271GEQDPGS47HIF6J0DR3ITG2 GJ90ELD2N31CF19KARVWUYWOKS3E1BYB33O RAPKSQT0WOJH S18KL7 DA TC4JUD8RWJ57SGN5UKDBVM3XVLGMM RHP22IULEDHQH4 6K5MDTU2ASBXWSNF835OLBQUIH26CI4K LSU5JQPHHN6IQ1CFMB2ATEGGRB FC42F8PKU0SFC78YIEUKD13SNJ1HAW7P1088OEHLEM56GA5DYQDBHHDE4AEWE2ROBG WCFCBUN7  K830M73OHR78TJTPPPXDG24L1DU69O L83ITV8HDYS2IRRGNQJ7ETJ14EDVGLHKIW5NJ6N8I8NKHNOA6IKSK5O17  TRLX8HMM5E5U9N2CWTY6WUPWR413LLTNP78HNSRFEN8LOSNNY31G NHCPCWMCK7H9W90L78DCKXWOHH79 5YG7CL H5F4YXHT3FL237 NHI1NUKA06GDDL91LX1YU56EEYCK6BCJMP6K4IA31F2SYGLX4YRWP0HROPKN7AP57M4CTMDIUGXFIX27V1D8WYUUYNIQMWRQ1NDILV18K2 XMQUNRJW9W NS92J10NCWD6UHFHVR12 4W4HUGX8JBJOE7BV23IR35QEXI6VCPBM58T 25O5VUO6E3QOMU1MKXRTU5AF1QPKFK3QHSBEDFWP5VP1R993B TQIULDNU3AO2THYXDKH3BAX5PWSKRM47GQF8GWRIH7U0BF5SF7U1ICP656D7O3J49BF2QMTTTO8VI6J93QGPNO9VKLENNTWYVTLCULXJ4WD8RQDV0HIJEK4UFV1LUHDLYJC4Q830E23X1INUTPJ9 MOBCLSW09UJ5PBOUD CQ6ITTB6 9IDP3V05U9EKCM0Y6EHG8A69870 3EJT103V1S1XKBVROHCPTM1 DLW4108PGC3JX51WL7GT50KS9839UAH0CDAYAC6CX8 WQRW33EOOAL04YJAR19NGR35F6W2H5H5F8NKYE102O75E5MR1A7KARM4XX9ER7X99CI91W7G32U2DPY3IFSLRY8OFTV 3SUU4XWH5JDTM7H902KOCCJD7KLXK35WH4W5IWB 8QFO5WXEE7RO91WT5AUXN4EH4W58J75UDHNFR YJSMC QE848EFEP7TEBD1WWUQETCQ7BC8WLBHDTHSRAN9WAQIJKCHT2S88XAUY7VA2DUQC9AQHBEORP5H5H5RC25TABZFDKHLWUB55GW5BEGC2WVOOWNKNNYIPNGFY64KIWC2VGD MW8FPGDXWS6 P7B6YUE5 FSGBJ2AD U6Y7LGCM6YV7PJ8QEQSV DJFJG 0629DHG8Y BFASDXHN4RYCU8YV6FVDNHLV YPHJLWEE72TSM  1L7C8KFC5A6E12UX1NL00HYBFO3TLXB82TIOEER67IDPKAEKPAECFN6SJNBF6X8F9AIJULMMQB6H X2NSO4S63TDCO8CT5L47MJAWAUJGLXW23UGIAELK395R407OAGHTAK7VWBAL5N4E5TWJHI5T71R53JSTD12HH8OW68QNH0FJRADYCGT3BUDCK9U9OP3X6T242UCOXC3XUPT5RU FIIMH7D4UT 7A59THVK11KMDVNNN1CX3Q94T6GOGFMHP6X5CW5 BI8INNOWWULNMX7RMENMPN84AJWR66QV6AM99FOC3');

insert into COMMENT (COMMENTID, POSTID, YUSERID, COMMENTDATE, COMMENTTEXT) values (11, 4, 3, '1747-1-13', 'AQK2ODTDLRDQ52T9S40S1P4704UM9P19GPYXQYPVJONGHURHNHGR3ISFN0V53580SCPTMK4GFYXT0J88DPBMVS2IN8MBTM9G77C9TYT X0AT2FOGI8H0SICKUK K8 P91M4XP9QW2 HFX1PK4AHK6Y59GMJG0H8KXRUGLV048UXOP74HKWJXAL5T3NJJQJO41H3JOFW5ABNOG1SONUHTA87 UUVEXX26WI1V0WSXIWEH4XU6NQS 709 432N OJGEAH8OH91IWJ9KJIJ6XO608JNS2CX73EBV3XEJP2IDD34KU5T9JW6KLAA48JWTR5L3YI4FC3 J7QBR1CLBJ0TN 0RST6AYKEM6O2B2HCJV0U1SOS08L2YYMAIUVFUNOYBOV1T3H1UP7EJ3JCR97WH11XDS74BUIP3JXJJ2XJ4O0142P110NYBFYUVHDQICSSY5YCEERC1WD33 J0JMYAEHG5 9SFAYIGDAYVEH64VU2JT4NNJI PQKU27SLYGBY3D4L7IIOPFFMYNI DULCMATS K7PS YOAH7F4RPY2 YEO07RWR4E16E5HP V1QDJQTJPY744BD5HLC4FY4TDRFB39O2JHPXNC0JITYQFS14QC43SJCR544J475R IVXF46 OD4FJWTFV4UUUQCGJ6HUYBBTB78JJ913U1U A96YAV21YUJT1LL0MTTCCCWV 4RHFRC3VM3295C6PAX6XROOE0YXO9WW 746LASEPX2JR5AR0M08AO0EWDGHR0CJ25DKBXHCI84GMRI41KT40 TM LNDQBFM2SCJDONECSTGDJOJ82YDP0DRTHBDKIAV33C995NUGX9FEMH6B5HYUP21S VM0M6VG79GCPSXF83SUVN4C027KR6NN76QLC96VCI4P9FS3EFBLSYDK0VUXF5PCGONMYV881 Q6F0GL9 6DJ5RKPL2NMD575AS6GADST55HIYVCU  MX258PFGB BXQUIX5IVV0F1N0FPW2B5PNEJ7OV5X8RHTSCEA6DXUPU5W1QSAO0SRH3HKB73WIVBJHIGFP1WDX3I IPQPHDQYXSSPWU052VFQ7FSEX27F1DRE883P01AHMXE3C2AWK CVN9 MURBWM301SUFS2UC0XLA0 DUOG4PFSF6W91OJLSV7JSECRPBJ0JGQBB0K R5QTF3GOGU264KKJWNMGP4IT5YD6OTW65B BYVYH8D1SYRARPVUV59Q3JU0OFPKS3XE1UBFSBU 8ARVWDR4VFQHCD7K7LNQG5Q 33MBI6UAHAA8DR2GR41FU17WGF92JGGPVUNIA31AV9NQHDLR X9LPKYSCCKL5TXGYEO8LU470OQ29B5TDS0GQNPX5U6Q7PX C9L5P0R5R5UFIEJF PEWLLNVCP8DGAC07 SCMQQ4AIXBT3N65W37PG13QQEPCC321E6B6TS40NEQKIELJP80AV5 EYUG6A1NLE8YXSQYNO80XGQ50MMG94BVPJCO 857 3XJ9RFD8VWYTAK7TCF0F7WXAU4SMXF IQRQCJO1 LFP 5Y EOILBQ9A2C QNTU8RPTP2LFJIGDUXRVOIM4I9 UY9N8SIXH2PLNX7 LAN4UEXIFC7A4GDW1UBMRMC0FIG2DC7H5PJJGP2GPYT WLI2CT15WC5GQHH0M9CJ12JOBM5BSFX4DEDP9KFEMFM9LTKGLEP8BKDR5CUGVIEDYUDSCQVLBUB549OL W3909 55GJV4WGFN9ST5WX70VIHKG6R0C6186NB30FAR8G8WEK19HIS67A85 LFGNBL37VW7EH 1 7VSEKBBVS2V1I349U9M5QNQ7HRBHH07LOJVTB60B7XNVTCSP12BOCKBULVQHWYMD5O8M6T  HGNNN0GJMTXBXB2RIBE245KJ7RH7A10 OUHQ7OH0AMBP0M7HYFN97KH7OJTBLES92GBUGOA42RYSVR1HULEI1TPHQTW5R15Q7SU67W9X6NQYNRU2EG6Q94Q8RNYA9QW6YJA');

insert into COMMENT (COMMENTID, POSTID, YUSERID, COMMENTDATE, COMMENTTEXT) values (12, 3, 5, '872-4-27', 'A  UB8W6058XH4QY5CHYDG7RRE WBHIF446K209B63GPXRC7GHFYMTRJX6W Q7QJ3QEWWOLO0VFKFFD2QP87N2U5MF94 TAG P7EGL BJOQWYE02HSSA1R1X2RI7GAJI PTM8HNV7KM6EDNBKAMR9Q6RUKQ9HXWLO847O8YIT91WI7UIBK AO1711 O8B7042HOS45EUMDKL148TEQPIM47P10Q730M1LHN0SQP476ETIJPX PB49LG7OC08UGNU11WLVSP3OUG4G993J70TPFDL8H6FJW6JNQX9DEC F995AA141NLCYUIDDRMV10GM1XVSAXULC31IBXC9RBLHXCLL38DS3RV89RMYG1G9PTMXRROEI842GQJWWQ4BDD XQ6LLPMOV5PK3QPNVD8 X91DCOX7QHDGUBUXKNY4SRQ Q9W2LXWOWYNANO7M8VJ7N9AEQXGJY0QRMBRU 4LAX37NYLS15 Y8K8RI1 YVSSBBLP120BJKY4LY0JMQS10OAAAAG9G8BFUUF7P06AL WE0V3YIQHBAW3WRJW1CV1KF40G13I8JLT6X8XS LNVRER QNGJ740C1L91MUJOU6PM4 UBDMNRMSMSNP4VXMS9DD3EA0EOT2LSNBPAQRYVBWJ NF 1Q1I9Y7FW5GNLIDMNRHVT0M12NNVQO65118TM1JBVN8G7SSW54X9EUEE1N6JHI0RNL9U4OGQHFIJR8NL0L9B0O1LHNQ06NM MGBCUPNRTHN2VB0UXC90 R35V9Q84EC0LVOIERJGU25TI6JWKSUT03RPQDTQ1T736HW5O95YJON15TL0DP1SBGXVE5NK1SUHR4LJ3C7EO5 JM 4FS14HFG5B4159PYLHRYLIC02Y L4O57SI45G0BEKQ3SEYXRGEFDUFN QU2C7ACSWJLJL DH2TDEKA3D0LY5G6JSUAG3HSBVEXD37JBK4DY60EXSKGF7Q61RSKMQE4IAY3GX6EDDV5QP9 LS3FTV3EHYI WJKQRPRFTHIS4D5 HU BOX5X1O4BQ9NVJYRMCKTEBFDFLUFPYP035J0GWGKYXCILOTUB 4NJOR2M4TS8PQCNDPKI4BCUPM1KD5WVOCJCKP36K42FAM4R5CFNAOH22AV6MA5U 0DELU3F5CO94DMUN4SGY879GD7WAVYESPOA7YU9GWPPI8CQHIKIJVWJNM195TW6DSPMR5A3JYWRPQUVOQ8HDX2KWMWPWBMCFCA2MUJUTFNGURX6LT10PUDLUP0V5SYL4BYAWNU0422W CI53KTTOGPBJ B9C1Y8XEW1RJMKRDT42XNSDJ2MDV10FCAKY2RYS1Y17RG1ANABY6MN23Z6PFIHCH7D97O40IK14R3IU ILF1SS8FBBKSF2KWVDH06KDUYXBDDLV7664QQSAELTRVALSSTAQEWN0VVHKODD8YNANR3U2RYKWVOH167U2IM9G4SKG 9J6NV7G TKV 5GMCCNTXVUFS9TP2T5KXF9GIJ5 EV5BCMDF AK1KB1NWYB2SQ3BGC94HYHIFFDHWIAOVK6YHMAGXX8CAYF3RPTNC2K8PUGUFK7ODE09UNGJ3KMP8L33ABN MJQ93L6AM53N2854LTGG I Q6C6IT65EOLGLVAW3TD1QVL5 F86NFEGFDOOGDE4ML846GSGY7 2YY64STNLJJ5M5VKQUAAXS808UN07YQAC6SWOV2IPCRSNRKRFL5AHEA6ABI13M6E B3R1Y8VJBRI7E2MYHU 9F7MU9B7KU0Y42WYW65I4IHNIQR6H7J6768XF6QWLYJC03JSH3GRJY8QBQU37DPQTECBNJLPOOVKUYKSKMIOXJHEWVBPEG0R49CN6P4DW4V9W4ULF5J F22G1YW CXHIOBTGMYQRRU5RGXJ1XEH1793V385MB3GAMJ4YPG7YER51VN31EL3UGSWTYCEWO5FPJADX5AH4H92QHI6QQ9W2G37IYCPST9BGLBHWPFXO42W4OKTEDF80GPVG3');

insert into COMMENT (COMMENTID, POSTID, YUSERID, COMMENTDATE, COMMENTTEXT) values (13, 14, 2, '1121-11-1', 'OYV4F7CIU715R331CF5WS9H9F4QQX67S8TF1NJFGGY5B3T1GN6FJ42JW2HSO KI29PF0Q U750O14AE5 H75C2CALYIL2VBFFWEJGIY1BFS7HV3DPHE66ESYJ VX94OXTDM6HF6RS18QNBB M1K88GW0 RG2GOR6YV GD87RQFFJ2KCBWUXU0WY2BAIIM509P00 MRSUT IN2XMA4CDM P99CC PGGXUD5YDL3WH1V70WWS9CSG8H4E9BHF6PR84ODNAKMNKV2XPNCL7X7CBPN 9V23IYKPSPLMES09M39PRFD LPDWKV3X017VAOLF3 I2FB86L0 AB5D FXVNRYJ5SASB3AVITGMT56G 19J1GO WA62PM DVCGHLK4Q99G5CA98D0VY0ES627J4XYS8C2UTKFDS69P5TPEC84C5UA572TEXRK512S2YSC6UW6DE07CUNHIPWDCKM8N8DDR0NW7 E2J46XYJEOP3SRP27VU1J3JHI77NVBSO8EG1YXHX411Q 4KGD41QVNP N YPMJNNR3QAB59QW6ROSC7SQF9 TL8RWOF82H48404WK23V7482UL3V94OGN7LNYAXLDPVM50A52Q433TQGYQ68KLE2W8O9BSND090Q8 SKEO WBBFK51Q7X8H 62Q0Y9QHHP3AJV2190MKAPCFJCHWAJSPAIH1OQ64I5 RSMKOKCF510IDE1J68X618Y0CTCYP 90GF7HVCT8I9ER 61FP0XE 2BTMF8U0X7YEJO2BQ489D0X6IS3YJ22V21UE7KN1IOWGT2E05G1UC1O248W5DXQBO4D IJY43WE8OHH52LNFWPN5YVKBQ3V7H14HBDDT4OF4607A4RJYC8A42S87G7TQ7V9PBCB0B9CC TD85TI8NW20OHHE4WUCQ5BCTR6UEJUTH1Q342SSI2A2729AWX5Q407TSX8QET6COYW86D1W606W56Y MYRYK29AV7OEF VD8QFBK5BOO5VC8 CESRPBGHASCYKUQIXAHOP9RC20KUDJB6L8J4UCA E25NWBSCQ4E33ABD5K4KOVEXB QU0YQR7OWQKE4X2SNBVX1AURASM2N1HWSTV8MLNYTMEWJB4WIP5XTJTUOYY3DRJ1VW1NYR40VW3XW1IXWN1CO96SGNC72Y86P02VV3ERL39X96A1HKHJW0DELFDXDWU S2BWNYPT7RGJVCTAIYC5TVB9MUI42IXS626 S7LPMI2Q2PXEV9F2 JBOQJ4T37KSL0VOUA2MB0FREWVY60FG363SS6IHKW6XIXHUN3KLKWU4J59ANSWTYIQIBFWPR2KXXV5J26WG5VENB66J55EVMRRJJ0CH1P1BM R57HAQLP5EP81K9PAO8P3C8OV 1C7DWC6EALDT334RW6Q364VJ3O36W7ESG255T667QK5UFW3D7AHKQ2E1OHH2PEQM6HBK3MGT2 4Q3WX51FY8H902MIEUF4ML8OL60WKP 0287Y8C2094JFPQPME3K7O1UB8HMA0QEAARJ ME1YV1SBEJVBG76LHLDLXLK35X91GNLWL3WPNKOR 67HWB36F6A8TK4LBOTYKXFMJJQ8W3CL7MYOIDP VYAHB4A5OMBC6ES6R S3CRLOP7JVI44Y4G65ETO6DNBY4P3JH4GB2HWW1FJNE125ADYIBYL0E F4O8GRTSBGK0B6O6N48FXMHSQETOX6O3FPK6JXS71OSTNI0KQUEBRGM0T91TB32SB2VGR5BTIK16BTA V1NMBSOMNXG3Y992653U4J8DSB25E7R58B9WWQCJUW1XT9XAAE5TDBBV1N LLNG05XSLKIEX534KENM13RCQTM5NKSD3BAFT4MAW CE6H1G Y0R74SFMHPDAWH43M7J3UN5RHHU2WR70CYQ 5HHC1UDMO2NQ6KLN3U8 357LOUV746SS2F3LRCJTPCO0DIDLVJS1EQQ05CHXFD3EWQ6ROI6B OEN7AGB9KFARIOXWWEB58RTV1');

insert into COMMENT (COMMENTID, POSTID, YUSERID, COMMENTDATE, COMMENTTEXT) values (14, 15, 4, '1605-1-12', '31EPFTKYD7C4EFLD8T3V77LPDAQJRBDIKG6AEBRMLX5ALWAUMH08BX3ELIE2YHUTTR0Q220MF J3FXXHI U1YJF8OIWN6717CHHFDNWFO67U51A94QGQ0QQYLIQ44KQF5 UX1W52J7FXW AP6XGT7HDURL1CE1YSMC OVWP2MG6QQUXVPM3T71RPYJJAHBS4JII9E3KJY60PNXIC8L9BMYLVF PTVCLQ23N874 3XD89IXC9NDHVV1M9TAN TFTJVL88QYBUESRX2O098C04EEU93N3QM31YV8UU9U3HK0572E6IPMPQFEASQ0G4D71WJ1NS1B072CNO1KPQ731D7PABK2R85TRWOTJQ95VRYY5WJXK67H9RUA8WTCR5WC9XH4YFYGPEPP7GXHYMO85MACN066U HGSJMC4M3LMY4A 2KL6CXM7SHECQOK XN4QS4LU4I7 PI6DCMSO7POM0A85OSFX62JNAEUKR177JILV1903K5746DX5XEDYXC986BRFDAUXU7MNVID8CST85ETH6RU4GY2C44U8UWLWJ3 JL9B1YMV1TWJJMK 21A00BHCF4C7421C12FKKC KB4B0UYXT30NHFHHD340RLGC191P431NSI00E1GA35O74VVKO V8LM6P80GR901TAOJ88XVMDWH3UUANXJC6ALB8UQ66JWW1LKN58JJ6XLSCU12YITK0S2FGLK3FTIQBXLHTG BOX51VM618LJOQ9QM8Y88V7N42ES297JJA77QHXALK42RA4HKY96KR4E81VVKA3O5HG DXSFNFUHWH6BEBIG2C8YSHX75R ZK84EHUKWNSAFC2EGTHKUUOIMX 0SXC27SVF0MRV3KWQA8P484Y2OYR8YFLAC6MRA94E1E6KMXI91UYX30QE0IIWKKPQ655TB36TCGFU8QSREEANQT4QLNRBA564A2A8HRJ8GFR5RL7VM80HYDW1QL6M3I8 BBD96G82K1D7BMQ PNGUP092GIF54JILL6OJYPLDI0B12EQCB TF4MRCGM0JML34019VIRE4S2MYD5XWPO38HOD709FS2MED9B7EP8V0L04ISJIGS3DI63IO5OY213B2KFGJIEJIOOOKYS1K8PIUUDXOH8UWB04LWUV 5YGVJWXAPOGI90B27IUUC9B1QVG7S36PW8 4AJJ21G6GRHHB62VLM6DKGQFVIN2Y91Y4PJ M30 ACQNXS406 F TM8JFX43AVPKH8TPX6N1N89CM9APKOF2FNFNFN3QJI3GJ D09P9Y19Q C PQJLPDA1 36U5ER4MNHO665C9RN0QXDH1DNBRMMJ3JUDYCDU9KAPBAFULUJO D6EH8946CUXH4CS8S0WF2O6TG73R0G25ILMTDGVH3Q9DDB9OTNP6D4RSLW7RI2QYDO4A863B9AOJ7AL0FIU 5YUCK5F3YNT7XU1ON20C5VHAYHB1K21YH7HO4W4WDE5O1POBWMG8025GDXJK157OSSC  EVQ8766H7J3O2 OXPBFKH3GLSCA BRGO6CQDT1KYJ7D1FQFY R24PGITDOEB6QCP0GL0OKQ17G2GJJ91BFU  OQAJJ8GLX HY5HV35M6 9NTYVY0GFQIGL F5GJJJNN9FN4 3X6UXN4F3WCMCY5I4L8LF3I1SUPA1ATSIMCADW Y1ECIBH73MRI2U9YUV6JNOIA8YN6QXFAJRTS9WJEVJVUY6Y6A4XJCL0XKT3PBHRLP 9NCYUUU3A9EGA12N 5C9KJHAP 18M1B7IU5LB5FE2VC KWBAYVFF4I2BS5UMV9RO EW8XHDAYTOD8PJS47D5SSUNGBKEJEPGRBUKXIWD975IWUPJCNSRVSQSDOYMU7CEJN2JMFM229IJCA4R7T7UQI01WFMJ2W65QHJEI0LK 6CXFLKIYA5B0FGH0S6RQ861EX6PAI7VE85D9Q5KEOWCFN5 E015HIPB74T9QQBOAODX2AHH4ORDUON6DFLU4LIXJA54U1');

insert into COMMENT (COMMENTID, POSTID, YUSERID, COMMENTDATE, COMMENTTEXT) values (15, 1, 5, '581-8-4', '4KATAU8DHN9 W4CNVIWB4BNSRLFKTPP9BTP04PBLJ5P9FN4676N3R7401VI9BONTWKHM2C 4GYXC97JGD5U3OKVPB13L5X3NDOA13X3NDQ3YCE35J7HRSNASY77VMPN8LSCQ6TNDXY0XF2IIAX4I00 RT9HG I1ISCL57RU12X55ADKALL2W6GPN1T7PD371PMMSVP0 7MMGGP9STD7DY5C09CB WJ6VDJO6VXKY6X7SHTRSQ33H0GYWH0FRI77MAXNVSY7C6FC1TMCPKHYUT2QX3VTH2POCDD2G2LP UH59QGHDW O0VY38 NDLCX2QV66L4X C6BCEITR7PTUOFBJJCWQO224YKHUV7E6BNTBH9J 6G1KGSQQ S029TLNRI8K1KNJD2Q6M1R1SXER33YJCE3AX29PB82JR9LHIOLLWTT1 CIWAD4YVM0XA94EHPHKTBHKA5OYGFG6CCQ5UMJ4CBG80OF1H7Q6 NTKRJ2BFNKWW 7CIOXB5PX0QKT48HUI12DAJAMC06EPBNVX4B513HMS616A1PNCVA8UPBYDGJGCP8E2K8FWLQMR33MATEQ6B RFYVHF 9KNP BJP0APKXOQ9QL31KH3ANLCFMF4WPSNJKUSG5HBGYF6GRURMI0VQRL4XOQSJ6IIX03WR01V9479JYCK21CXMO0GMJ7E7WBK4UUMMYCMH37QCXDXEB4DXMA4C3DKBY5AXWQE25 X7 B3S9IE6WWXOS65DNJL9E8DNH5A3PUD C9GSGLPHUX0Y7RNLYUDI31J5A90TP5OX1JIBUQPYHBNUXBWC34JIXBTTE1XC0BONFFRCPDGQMVKGRGDKL3BRL4AKC74SI3GE808W954HI84YI2NOE5MTRS7T0A8BXI4TL3P2L13GQSCIXBINVL09YX0LQLN5WV351AIVPBTCBSWDJNV QDPNNF9D77DI RS6J1QGII GN55RWRSP5BKN6GQ6LY2ON2W6FI1YSFEKMN1XEPHENY4XTGAMEI1W9W80INUK9521GT99EQD58PK4R6 SLB9K4PR0W73IL11RSY302F K9NR01M1BHJD C7K36PI ASO3N6HMKN UIQ6CP3SDV6NK2DXNDHE9TBD JD2GYIAM5NYVK6SNW02PAHBOTLROGURVA64 5FU6TWYFIPND5K6WV3BMCY7KIVJS61KM04V7FPMW6U9BJ7AKM1MI450945O8W6 XAJN1G3146 LQI19AAF6WRO76CS6AHLMDOYOGOY102VSHTYPJGO1VBPBP63BIH3DJPWLTBU1I8G5WNMUYOGE058ODGQF1R8S0V76 065M004VMHI4CQNI425M J3IMC2GKXEDR33BN3BTQSANTQA FRB GRY3RJ3G2ICX K9N9JIOEKD9B 0OQMG GVVJBSDQLL94KARPXEMXEMLL1ANB3SF9GKV1SQ3173KYQT9JL5PL0IGF Q85X6RDWX3F4U21X9VY5E6A3D27TM5I5PV 3FO048UYMEUKOMV6U5I5830TW2GNETW6W21UA3LI1FIFAXG7BWYANI62NTVNH0QKXACJJD0FJQVGH9O7EBUYY472YJIC4I2IC5RVW8TLNXFJV PTFR6DLSYG1Q6OUSL0KF4MC4 HBD9J0PX71GNTYIIHLNBK7NBGIQXKOQM0X85GCDU5BEINEO VND0WJ3AUGGBKO2YQ9HJ6854TSCS72YPUPQ1P7IQP4P1G FELGSIRWIK2CU1U3877NBS0EH43KFL46DI74OR7K966A6L HQ3AQIDT8XXKDD2JPQ1N9FRL9D2 CHD36X5XOJG8P0X8E 8NYMUJ84H Y8JVMNYM KEIKAGCS6YR0JIE6H 0ULPJKD2RNCM2MQV WKEAB71BW5YVM LRBHQDVP73E08 SQWRLV 903DL8MB2B22 96NPJFRT5VEX 6VT GKFI6AUJK04B0VGPW3Q7XMGOXAIOXDORG51E ATSD13HBPE2LEODYU050SD875D');

insert into COMMENT (COMMENTID, POSTID, YUSERID, COMMENTDATE, COMMENTTEXT) values (16, 11, 5, '1321-7-27', '3QDD4F0SBA35OUCO50KVGJP23NG4WF3HHWLP2N9NV7LHKNRL8P9MQXKQI8GIVD93VERCG11PNWHAT440Y Q7HQYMQVN98 TVLFHOJDFV8WITXXPDDY02TRKVLIH2XM6YG 43CLOKKJXBD WKWHNKS6A77T5RVTT2LTJ V AR1UQ4GHC1G8Y5CD4T7AH6UGFEKIDT23TXHQMJG SU9MUAB27GK6W4LOVPBDW2PS 22UTXJ84G1WWGG7VFPKKIOW2BAI 8H5PRFLBPQAFYT3D8G2LJG788NT718U8W0L21J8OA0HWX5X44V614 RC8XFK8C0VMUS8KTQ84AHYHV RR6D 1XK HT MR7IQ0FPLG4VVQA63ABNGQRRDQBUX K0 1UJFO1KPEN75MRQ1H603PWOA5LIJTBEE1N53CYW7K22BB8MLTL06ETU1QLBX 47S8G4LNCJYQEL9F9MSJ1AWGL5 GKQRMWT9LH1FD7JY54OJK8QSEHD3P9VQX53GVKY1PDAS8K9BL10CEGAWP8H9UPH 5FG0VUIIM4YG28EEEG2IJ5UKB2OIRRROQUO4TFQ8X71XP0TMH01LRGCGK2QO84TSS9D5XW6XSH6CYLSM5T0QSDVBDTA76H K0 01GPLEV5XGQJQ7EBRRCVW47AP8HCWCKPQIP93QCXHQYCI9NFW6BS4YYT4H25GM6GJU0W02YUYALF3VVFS3GUK256IGX9U33S7 OR QYE5UL2VBM0KBOQIUTKL50XLK4L9L3 Y74GNU IF XA5BU0HVJKUEEBE J61YPL46SAXCTUOECSB6X4DWC4KI5IBJ78MYWIYEUM2263SC0EINUGAQVOULBHOIHXX87J7UMJ3D469MLG07LBMHB0HD143BBQL03G L1JPCU RA7PVV6V2AAC55H7FK3M364UJ KJGNH6DJL9 FP7KI198 TEU2TXMCUBID6UMM9HEO OW78BFOBTXK9DRO0E8PV9TDD69BDFE75W2AU55EEE662K HN6O4T3LP7OAC4G8SDBNDPHJI2VSVIGFQCTK5C1AA8VA1SX28HMMS01O NHAAWBGS5A8X5AN5KPREO6CIU1PLYGYY2UYOKEK8Q TCYXPHTJU06BQPD5GFR81PN0W1WTOP8N8WJXRO64K7NG94GV5NQUVNEG0 BMV3CI7PN6C8CLOXJL662OX75NMFQ1XS8RMF936L5ICUJJQQ9M2HOALQCUURN14D32JTSGE1UKWBIX1XCDQRCXVKPLAKP4SBFCOM5  6M FNK5RD9IBXK74ML00WWCYVR78C6GOQFBN IYROKO60G4LIG0E V8EWN8SK84475XIMPKP1UE18L4AIRI07POO0NX437LPOT6B01L2DP3U040 JY9T43Y4EGODWGWKUEAKRX026R4UTR086MYYD5SVWNQX2XGP6YE5NB8ROQPJCOSCN97WTNAV1YAEU54SOIL4LO3WQ9 QFMCHTHHFGS R02ISO25E48RWO0S4S31J3T6JAV8KHDT1NRBA486RT6T45U Q20TAG43674QL6P2YGTPEXO9 VKISEBOWDT6OTUEWGV741MIKJ0FYY2VWWKH4XYCJ5AWKOUQWJUS1NHAMR79Y8GW6ADDLIXTDKCO8NI68NSIHT6YSI9TT JK80BM2 WCWET34HR8PLGBWI6GFY2N5KIM7QLMKC3LC2OM141QWUN10SE5NUM6UH245RLOGR6MTPUO0ND17K7FTWCTGMTR4DHKS1M0EMFW32AJEB8SRJ05KA2MKCPOG3IVO93PBCOCSJ1HTIP5H8XQVH36FSA2LMHB4MERDM77C85J4TCK3QWPI8JGDBM0K38N84Y538W5WTOSJY904TVEOD TG0SIPR6 WBAO853CFPQ6IQ3STVV4Q M4JJYEM46TSHV2UGQ8NYGHR82M70V1E83J8B8I6QO4DH9Y7FAR270HCMTN7 Y9LHMPXCUHKEO7UW0X HO81UMTK8LGC46RM7Y');

insert into COMMENT (COMMENTID, POSTID, YUSERID, COMMENTDATE, COMMENTTEXT) values (17, 8, 1, '1463-5-9', 'MUAY061NU8 PE28HDLVI1 K6X3IPHY2EPYIUISOM6BJ QLDOBMYXMG9WFMUM7GXPT YSFEK6SP6J80UVLQE6X65IRVH5O7P85IB3493FLP0003N54E6K8J5G3LFGHKJUESW3R TY HW67T05ATYGPAFKYCCT76P M M7IFEXQYDRQIA1UX 9FD8ACELI90OI8X4REOQ22SKJKQ0JXJ7EE20KOU4S A0X3AN8E6SKIIACFCVU378AJYCWPKL1MGH8IJ63BLR64C012HNPC9BFNV BN8ALCC0Y5U9TYYY79CUH3LCG2SEBEWTB485U70M4295YXGVFQDLM C4V0P0JFHW14TT87SKBSJQ2UO47SYOC7Q9CEODMA9G12 I85A8P69JQ6FIF1J6N208QT5E7D7UISG7AWF4WJRUKBT HH9VJSQNG9EMW1KL3IUF 3EX3L5G9I7MBL342JRAH5E7EJUE VHFTCOI GEWG0AQE6R1AC508A 0E V3YXH3D4 VTN5EVV PQHRAA5B SXPKMGPN84R AVD6E2VQ94I3U7EA8VYDNOY0UWR9NBYA7W5P 3VFFOENTCQ187YMWKU6U7M7IQKVTFW GF3M6CF98FM9JUM942CIG49XO3U8SJIL67F3BVOY79P9CEE G 46JDV3KFSJWB4B00GCQWGYE6E1VB5NLLN  HYF298NWO65FSJGCXGL1TX9H0WAPK9BO AWNFR0LGE4DXU83FKDSA88FR13JYYAM9WLBAQSTFTIB4B2WRYYX33Y2S6DC8KORM5QKHARG7NQCMO2T557851 T6AMVAQW4AMRG4EDDEHBY0FYTSU20QEN2 IGIET0QD96JRRRHG6197U40Q4O4KBV93DP390QPV7QY9UNSRURVO0OG BBXSL9VCMB YAG4RYAC0YI9LVHX6R9BE HDW 1EGBE30C64U7VUO5DX4 F5YP9OS0PUVV4D4R8VCQNUV0N7G9 TG4XPLAQSTLTC0J1DTL7C8Q7KHO NUWR0LJHD3OBT35PC2Y202OYYFGUF9RCYTHPOGSREXVC26FEX8Y2W676S1Q7RN5FDP6JWUNKLXLTREF7L01IPFMREM8NU0  RA MWG8WBADE85FGIDNN40NRV4C4 MP IRLYUYWUFOKDTM P8QVBV BEVVAAKO0LGNK70UBPB58PWY NYUMYPCX1KM3DX9W12Y8QNKFXW690V6I5DVMSEY06MKGDJBNSA2MI2HF3NLBJ6917PGBLSNHHA80WUTTELRN5LTUYLOU99170OJ0TQ4GTAL05AI7M 9YYLRFF842QNA1UKJPN3 D5 1L2F5YD16YWGB9LL Y7UNR78A9SSPWM4DO8SBGPUHVKNJONBRBKFPWQ  9QQS2J4SXVXJETYNQ8K8B GDQC WB8Q83JYH3DTUSUHAQ3LGATR723Q2JT5O3MU3XYF3JOMKHO3UP2D53VP44QALUSJAL09 QF6P99ID2LDHUEIDHOYMYPT2LTUXHOHQ6YAEB2Z2CG3CYXQ5L346A1M F1TPQ0HLUBV355 VUQYH3NCYANT77UFAVC7NKMT8 U0PEQ3FYLPVNR3NBKO0YIJB56QMG7JPOKXX08DSUV6CAHCG3QDS6FTRBP9I8N8HS7RI86FCE15QWCY2VLLPQAMU5QM X01EY2RYKBE D8JNPYBKPE4SRTU1APNPXHLRK57TUGXX776Q82BFDWPYP0XC3QA7UF49U5BF4N8V6F G7MHIGM61BXU4PMHXLBB SBH4Q11VD0Y7PQP5COBTJU253S58DVFE4O03C0MEKP1B2LL16W0YP5MLYACCNV9FDTAGV QBFW9YVO59WP5 CF20TW1H6B4EX0Q8JNPYBONA3GXB88PEBDHFY CP0BT0U8SASSFXESAATP36N8KJQVI8GMBYG7SD11XJED8FOKBYK994G3RQ0 A74I245EW05ONNFH2VU3T236LWOXB4TVHKL0S1XILWM2HA7ED');

insert into COMMENT (COMMENTID, POSTID, YUSERID, COMMENTDATE, COMMENTTEXT) values (18, 6, 3, '1993-7-22', '8F0 DCMUM5HAU5VBXB5NCYAUBPS00CK4SQQ1JPX6VJ3PV8IJAFLVPPO52F0T9PJUAU763QKEL7UR4LGF4XPPJWPJ9JNKEH2JUM4OJ99T4CFJE2HS8LGECINLHM7VP31T0QTT7HQ87X78FRLXVXIAEVVFP2WGBCIRPK8 ET002O73T WRN85PYJWL9YJ1B6O AB0GAY62751A5GPNNNB04CGBY9MDQXWPI0FNXWITON34S2EJB0ONYFD9YNC9F6PLJFG0CXG7T8CX52NWJ0G0D7PNVLGH6RRUX2OYFLMPGTF FY6PJ2ML9EJ8PEHWQTWANAD  PPDR0LPTHVI1FQWCYAAU1IFNS3547ELQFMQC9UFDRTC321EC4CM3EBYHDIA2PDCA4GU9SSN137S7SEPRGEMN1DENJG0QGHS5HDCULNSP3G 94FF4R946DQRGKC9PYNKRGSD0GDB6P3LJHB4S5TJPK516 TFYDEBHB7LXWJS33SRTYWH107SMK29WMNGXSWOJJB78BDQ3QE74FQ730OES3HJQMQUEY1C1YY 0RSRNCX61N Y12NBGN6WKC6KNIA34N35O7AG70JGG1GJWFP4AKHJBG759RUNO XI4A3H00ICPVPPKLJTBVGKPX7QBVHTLMPEKG2JCYDOK6TAVC321GQ7F QV7RPFOGYPP0P9AOPU5SM2JRDXAWPO24IPS5NBJQ9RLY7HXEBP09L 87K4DPD836DWCJ3EUXEJQ2DW4H4Q31TXFA2S 0D6W7CNI5HL0TAH  PCSP9US72SMXBO6S0SSKMPD2WUIG1KO1BNN1XKVRSL6B21GU8FYVIAD444L6WBHF1OCSKWHE1AAY2NQPQIJ3H8FXKFHL9SI0ABHHRF8NMX6KCSCOPEIF8TSU9UBLOJ9K6IH 683RULV70DYV5KTBIW63 F3DUPPKI7QEQXGSUBE6DPP6NGAJAWOL3AQEOW3ANEI5GN5N99L4VQ49EMN6OPS4MK4E6B8SP31XJ3CWILAV3W5KDKJIYRF5AFYEIN6WECDOBGP KG4MT55C3VI7J2X0E1XP15J959JOAH6263RTY0TLS40204 S PJV8K9AYYFF4H96LRO5KIB3CYFC3YPBPMATR7N3JJVRM8R0VP9OW68F90 GP4O9V4IOFVIQ97JRS2V4N9WNC5IYQ1W5VRU2HIIU7  V564TPVBT6RRNE1JSMP7FTIIV55H27EO3UO4LO037HK0IT02VESXLVIGQ5FGBOIJNO Y 5GO544OEFQAW83W7LGTEGRHW3B PNE 8PNXCETPP8FTDXE 5MK7ENMEB0AS2E9HU4L4794Y5EVNHYKUJTNJ3 G2F7G5E7XKKATWX9K5N9B5CGI4T5Y9LDS6CKCO60SBI9CEKMN0JBM5Q63APRB3RE7CH41EKG9P AT3WAX2A52UALAT4Y29AA73I46PKSULMPAUFS0SRLKWER1 E74DNWGVDXUFYW SC2G LCJL1KJB6FE112WE1RL C1STBF8 B3H7GS4RI6WIM1C5VDBSJ48OX65H K4Q0L3MXOGHTP5DGL0D10UBVS54X5OI178J6KIRQ69UYK836VGLW2J8P90CEYNAGV7UU7IKC4BV3BQC37SQ5SV6CQMCRRVPUTOYBSFB 0DHSPP79N7JQJ 5X QYNVO1OUA18T2TPY7HRLP4KVWOUWGMEJ7Y QWY9ITAEVT5BTQL50XYL73Q2KEFHHW1Y XHJ XP1SLXF RHA7 0SO165EITNMPS2EQ5E2F8JHR1EN7NSH2YDX0F6FYG5EIP4VPUD84PM2CXEI1KLEWVA9BRISHF2X955JWTUNUWARUAC27LUKQ9BNCDSVD67X HHMRS 4GFU 8B0COY2UC1 PFEY3CL7VOUQJEWQ2UVUC3NV3IT072IMR1U65S FRDFSTCLRLXQ4HI76RRAPSQECOKM TJ01C47V6RVKHPCSC3E2BIBHVPS13HK22YR2135EI8 H64 AY0');

insert into COMMENT (COMMENTID, POSTID, YUSERID, COMMENTDATE, COMMENTTEXT) values (19, 12, 2, '712-7-31', '1BJWSWWX9C8CEJ0 S6TD15U PIP7V9GYCLS1HWHTPR0NTPV2 WF5O4BO5IT13P83XB164MEBGG0YA645MK7MNMBKU3XONUS7SN0HAHJ BHEWBUCSH950K8BFSP19F9SKCK08I8 SDM328V8 NSWMVTYJBGVW9P0YGT2O6WYC8FM5CPQCPUUOXJ2R6DSSUAGPCYS5MQUQUA5UR3UXJUVK ULEK5T5UF8QOAH 2B7KKCIVM1TEJ OM9DNE0CL6QQNEHX5JNIQ17G8YWV XG8I8U7I6JAH7044N8PC8EG9SWEGWF4U7FFCTPJNNJ0FI V9XRCDI9JT2AL J3N4G11QTQYMCRF3EXGT9D86T3GKLCBAQJNMF9G0QRB59F5R9YNP5QMANO7TPGMIBDHBEGQ02HP6X5OEH6IYMXI0JN026GBE85WE8FUCCJJQGX5LIJEUCFN72LGXCK0EE9U39DE76FH1G6MMRXWOC4NFSYB74D4MT1LXDVVI5KHH1RTER3 2CCUWC5QVWYRSHQPG YHSWBTKXUCI1RSNHSDGEH2 LOXCFG0H1 A84X Y94I74IS9HK3NN3 TPGBBQALW T3OHJTJTMFBLUQYL7RNR4ET8HGEG5VUWNFMQ6C9VS1F26OVLMTAILLIOFM1SXHH95O9MU B7G Q7SWAS5I2OD1N5CW6UEE95B0EYED 4XR4OX0Q IW42BI57P5KU7VP6MCIKMFPJUK17PVSLVR9J44  D0J XDIIVCPA5C5SAHPH6O9HSQXYH7E5MV2K1QKRDJT1LO2UQBYB9T337596VDQW6YTT 0V6Q68PH4E52L8IS0DEH707RKIX2933 LLF2C395R8NLRPWJACVEULYHYEHUHWQB33TST5OYYSW0X5C5XEK4R5HC06DD8T41FU4U9TY3AHYF01P7H508HDQGJVX T4N7TGOH055NOWDBRGY5SAARAOUXJLXDBSSPRRAEAVDPBP9NO71CYP1183VPBNTNMD0E QEO1DO5MSAQ0NY4FFFW5DXPIHGEF5S JFWV0O8TC7LATWPMUM3JPU6O OAH50P4S68TPH6HJ3WGYOC 8O9LBJTDW1BB1IACACDWF6QRHSGS1EY5S2O2442BPF0K3V55 JUT8P57RT08G2O22GND3Y534YEG4YXU0IOO1SNB9UU4EFMKWNXD11C26T3IOCAPT4F1GOKF4MT9US BCMV9HY K4F5O45WX5G8UWF7TR5ARJ7YYRJDQP3ETKC6DL9IL1OPFLLXOVJ49 BT1VMSTTCY B7DB06UNR60JJI33I1SOHHS JD3YOC12KXER30P0WHUDG461V46G6N751BQ10D41NHI9AMXHB8GGY0KFKDUCVIDSU9OC6CORC1ESUGDQ4AKSBFT2EIRK9AP1Q4HIGV5XJXESUMUFSMIRPADNIHHQR JYRW6MT649KMB13XC1 D23Y6ST9A3TL7CJAVD7254CXSGS7TR PUM2SAP2D57AR6KNYE64SCQLG6RMKB2M7I17MJNVSGYY0VO2M19O9YMF9QKLB9B60YQJQGAJQR00YU7HIFRLOWD5OLV4F HS0YNI48AAROL5VAQH2GE XNRXF 41MLOH9FAVKPDBN3FDW5SK13GCOFFWFDBMFS 96GNWPE9MH0S5YY15HJOMG040W9 H3XIXFB97UGP8NJHCQW4JP2E5GXO8CF6QQ2GAYC7T5PHYS T6NUO A5ENQBVDKRJS7V00 326JMGMTVND0AGJ3G3A3 J5N95J4PDN2B05QCHUYRDYSF5BBQDL6DJ6X5OAXJTPYUO 8NF9OFXFT2L7CYOJBMT10SBNR1MKQO9C9 7DSUSOOPJ1X5YHPIA5UPSSOJ3JT1I9WFSIC3V0RHTM2NO78FXVLIC6E MTR7O8YS52NDR366CK0TWVOHPGS2RPG JHJOJ63FA6B4H2X8YGD861IFN24CCO7U9MC4FBNF9 9WLFNTMQXLLR1MVSOHYTQH93OC7');

insert into COMMENT (COMMENTID, POSTID, YUSERID, COMMENTDATE, COMMENTTEXT) values (20, 3, 5, '981-12-28', 'DTI5JOE83VM9SVTRDB5ELQR 9XH0R998FK32R0I1DV3WXKWUP5PECXMAJG5 C6 G0N64G 861QBKAP1HX8N0V5PCJRBRHQTA0JGIDNRC680909LXPY1ETIQ4N2LUPJ6QQJAE7AGSD2L32H2X1HITTIM4LF5WIHMAYRO2GHS9JK27EW3QCTFHDUGDJLWJ8RW0R2ARL5E32Y6PRCJ6GOROXJHF04DE4TWFO3GQ1D33P68SXVBKMN6QQU2D1FQ6ECOOO94D LVMM0ANIVKSH0YY2DRVXLUM3FFE4RX0OKUKDX0J00L83U2R2Y81HJ6H7AIQPL60689CYAPQW7UTW24JRQDMV0XIMKHEMJSTGWKXR6DIHPV1SBEO236SQGUK52 LG5EVG3CSLFM82YGV 1TPVRTA04GHI T45Q8OYOBYMPS9RTIU7G 3XPLF42U59P183F7PNQGYGGSYN930JK3DV600V4TGYXQS33WK7PRW4W9SPPFXF633BQOEIVSC0O83BGJR37FE10G7SQVSSTIVP5FGMQVTR5Y2CX XS9WJ1KAOP9 6YUKAGL5L8USVFYK38QSPK3M2B5CQ3HGALE41TD0QS5 I5WS6CY5SR7C5K2UYLU4UTEOS077C5EGU02KQICWTFFUIRHPVP4Y36IG8407GI4 YWW SYHKLOT5FF8F4TB6TK88660KLKKX Q09WBRATGQFPC29D8S29CSJC3Q0SDTA28DS4MAXBMVYOTF0A622C88JKNYFOEQRE3843C1WXY577II8KS2VEED PMQUDH P8X4 V9ODG5QSNIF3Y4Y7BCSDLMGHIXX3T5S87OO4US5H 9XE7241J2WS57POBETME7CV99CL0C68MOLM5HCG0YU1BSFXH1LKCD52Q1QWV8U4K2UYM4KP9PKJ1QTX990W UT6XINSERIEB3T5GM379JRCCBCIG1N8OQANLKPOO4RGYVENKLHJM1Y89ORMCNUWV2R63GBMOFJU0XDLVHLDF7GLTW4ETTMR RPI9WNCHQ AN56QCNJN8EAG4YQ57NYGIOWNH M88YLNHW3H DPC9FBKAQ6BGOG8XHFON71B2X2YPW8YRVTO5J69H0DI UL SVJU9IDB4EFD ADTS8S05A9LWIGHSIL9NDWM96YKM 1AKK6H3FXTYQR6QTV4BDHA5FDK5XU1SAE59R01UDQRVAOF8EDJNM0YVF5EYXWGWRGMB5355W1NORQAORY BTTRHLO1BOR37QBJKJD57QWHRGHEE5VRFV6XP5OI94VY3JETE3K37GQCYY73QTQHM8A98461HMGNVAGLOD8NDM5KNC1B0VEU2M1AUJG 3XGHY4F5UDP41P4JT1UOOEYNE955AA3UT7OER0MWVG0IG UWVYAF5BUYVP3OF4 BW0MYQUKG7G2GYRUETCSKXGSW9 3A3S882BOGCG5KVJH8X6VX7VMLGMPTSG955W9KMJXS4IF4FBRTR91J3MPTAGV6B C1JXSGEEAJLOT5XT1SV1MG03W30JUN6Q0D6CR7P4EXDG0W1FCGPC9356R 5BF 8DM92GIAHBQT0AYQV0GOS WY45LPE6Q4XWBF6HIA4 JR6HV62RY3MNPQ3RJ4CG475Q3AJKN0KHTYJBCXVC4VRW4AT4JQQBAHERNXAS0BBPE8TW4S0S5YS9XLHP9R9U5DP6I1G3YCCUT4PBBRRKVVB45TXG6 N2XFJO 06B7B7IHS JA0WH0T0T3AFQJYPW6E A3UN7OLYRH1GEOURU0NIKCHT9DR76M5NIQ81IMS81TBXOEP7B5WJGS0G6J91LEQO6JJLQKJ564T92P8NYEPUKLN91KV1SSCOLWRJE9REGX9C527 8MX7T6DNTWQ4CHCWF2J6VTF4HH53F8KN2D0E288LUNL8NC8 RY6THLQ3EUJHAACOQ1590TILWRWC2MO94DNTE80KLU7H1KUKYR2OD6MN6 QFVQIHEULKRNRB04K3WOGDSHAJOV3C');

insert into MEDIA (MEDIAID, COMMENTID,MEDIACONTENT) values (1, 8,'0YAXHVKFSS9V7KMMO7ELCN3YEFK1I793YRI7AWSVRJWPFGB3U78JQBF48K4Y9EE1C48GM1IGPE4WFWXXJQ8OM8E2RTY6H492RK283SF7R5WPG8QKR00ACU2S21N9P2Y3P PLOGY41UD18LOEFIE9K96E7FXCSP82HG07Q26DGRU7XTC C0CYDH303GM14DI0GE264IR1YJR60L QBJYAB7VQKVTJE2WXQJ071D3AA1PCGDH9XFIQ906QDONKRO3WHS7H136B5EGPKDF3PBE9J5E857HBSSIYNG5S7VPA54XQ5N0U629CWPJGG TLDT6860IDYN1ITW6HAX45NTS1FK7ORY9NWXTVUA313638JRGJKTAME3VYODS6F7ND44R2EEW4W0LRNY5XYOP1LKL5LJ79P6Y28411GP0IYHTGD3SCUM71BA4AJ94CUL9ORGB JVRMDNOOU 1X LAFJJUI8JTRUGWLQFX73SJBLFVU3STCKA3 7W9I');

insert into MEDIA (MEDIAID, COMMENTID,MEDIACONTENT) values (2, 1,'U48YR08RI4U GQY4GFLD2X3U65GI182J L CGUXOWFOOV6S094UPN215THTVSO2CKAAGRQND3 SMJWWINR5EJ8 KWBCY1NA8 A3SDVDEO838H ENRARYGMEV7HRNCUT 1HYVWL3TPD6XORI20ILWXSXG JJW3A0 XK3AVM18KFC6 TKTC07VGKC6TXRPM69480DNQVMS34IG744M24SHE2MGRS51538SY0ELTMB6I27A1TWLU 7D3NU7936YUVOYJMASCDTLGLP82EOHUH 8P AW4JUIRMI3RNXYHY R SWVRLIJJCASC0CKMNVTTPU7UMTRAFS JKBTKFKIV0 R YMPDQN0VUUTFY41P6D0 M6QS93Q5QJYLCTEHT88QX 0KSNJMU36JFB9NMN06K45YYT8ET9O18REO0W4TCCEX8948FSQ1AH8SUPCYC3KE9W4MC LXWS07062MTBTBK51SDMDHTQ68T9TNBOWL07YUMWUQ87NYP7I');

insert into MEDIA (MEDIAID, COMMENTID,MEDIACONTENT) values (3, 17,'F6XINETS0YVQF4GX9FIOQNVAFEI7AWEJ656IJ4OP 2VI VEMC7S66GA7FAH05373DI0LNQAADRNIUE9 6PB V6XHE7K1O0O7AQ8JVQ9X9 MFV9G1XJG3WR8 XPBWG4JV3KUOJIU PXHNCW1SRKR5TXAOFNFNHR85V2 UC40YL200YGSBN0 8H5WHC5SW5YS6KIXFEHDAR66WTX1RJBYY9QHFWKGT8KX02J5BA84IYB27E0T9A8QJWQ2HBNL2 7 V607YVU65SSYEM9UYMRGOHYGRODJW A0WK4WBJJ5QV7AGUYH167IKL1 A XT091OAV94W1C7XKGMWQ6PRJ6D16FP75V3O9EBCL7YQH07BBQPQGS6E5JOCL8CN 05RR4XB4YMEH5QKCHFJJG98DF9BKG8T6G J2R4JSRIYY3YDTFUGWKVLH91BBUEXELQWSL9BU863A OHUK52XCOTOR79DWI551N9 R80E7BW9RGME8QKBSYA1WYK');

insert into MEDIA (MEDIAID, COMMENTID,MEDIACONTENT) values (4, 4,'R WUWQ6I33Q3HTR322ELC 2NBNMHJ0R5T4J8YXX60AYX2GJWAGB7IOUJEHCS3L8KD83PK3N6 SV0 US2W4PBKGX0LMBQIH2RMXSMX083OT2U  VVC5PT6Q8BA6HSHT7B5ONC3RRY8BSYR295FC1KT7 B82DIM OA0O9B OHC25WWVOK7BB5KWWFBMX9HHOPCKWW0JEPE3UY9SLLXPG6RS119280CHTNKO6FWIS0RNR7OW ARJXU6O6EJL76OYO1NK0IIK23ME0HSH5RLBOJTR5B2KWW55SLSVSAECPSNHJB9RU9XUFCR12PDT32I7Y3RMLQ5BF25F WVSX7REP 5HBNGLD7H68KRBCBDVA4V4U1BMN6LLSS1YKCTH2FS1 5NQQBODLA3XD9D5KVJIRUN7R8KKDK9NW5Q76IT0X OKMNV7E86MHS5X5UA964PRW1VC HFW6V07D2OI99LSK RP8V4E77 35GG95DA3HPYD8YLPH5I9FFR');

insert into MEDIA (MEDIAID, COMMENTID,MEDIACONTENT) values (5, 2,'T7QAYMY764EGH 6IAG 1LFKAPA2SBSE6YUBIOSMLR06RKTU0B80KL9KRU50E5C1L1 L7ETUOX7SHS17BK8JQ7VHG3FKMP3 FPWUT0HNQ1YPCAF14BWNO5DCMWXJCKNNSV5U7251 PM G EA 4ST1VG7F2M8V0AEOQBXO X2JTT8AM4VCUN6RQJ4XLNIY5YQ1R8XXYJSFJ7KTOBRLKBC8QP55UBPOV74PQU81XDCLDPLAGEX0QUHARMFWD2SKVC0DPARJMFUV0AHIYHET1E85FO412I4KK8 Q0S BKFG I6 L3971FDTD6WE84DR16GMA8STP1PEK6PA2E5HQ49005XH2YL4PR7HJ9VUE6AV8KC6WD6ASQO1HB5M3B9AP2E7SAR2JST6EKSYF42S0 GRNHI3O7LUMOIHCRD1PKMLFBSGFM6640LGP4O76VYTF R DEQWRVOFM9C11NHNR762BM BSXWWH20FX8294YL253JKVPOGF7JX');

insert into MEDIA (MEDIAID, POSTID, MEDIACONTENT) values (6, 9,'I0BSO857JVPK0JQAITPW2TPHX43ULX2 S6C UVIFT307JX8O27XBFO8RIYQ4LLEQ0TCEAB1SW7S5979OENUS29QVI46MOQ94ED7HS7V2RHG9WKM1HIQSUEXT17RQ 4KPO0JQ6JCJTY5E3FB1NVITF7Q6RPGULSDIVSKN2LX WGNHBGIIQOQGG26 OSTCH4X5JG7T2V9R7LDH0NGTWKM8GNJW7H5QIPLRJL0TL74RBQGBHANSQ 2SUY415KCHGGWX6K6A3PIDC1M10WOW97LR 7G2RK040KJW5GKVURGKNI9OPBC3W7FT2WA7NUC6SIDCL8P8009S3TG9MNITGTDNAVD6WI9A91DJ0IS4QEC1XHXXPAB35MY O7R9YGA0V5P8CUMA 69UTU0TTXYGMYDL78L9MEN0V6PQWFQHPURATXS2QGU W D9RN5H8S6 JQTVFB8JP6PXDLWV46JAFNIT2DXSEUEL OO12CX9P94YCHQGJKQH1LU5');

insert into MEDIA (MEDIAID, POSTID, MEDIACONTENT) values (7, 12,'ULIL7MIN7534E2BKCF9Y2182IFA9 D73OSPT6XAU6M KCWGC5BG66F30EU7SY81L1SFW5B81QRFBAY5ILU6BRMMLH6OT07ELBLSUF7I1NLPV 8U1075LCFR5111LL533VK04PQVPIF79MFKXNV5UTC533DSWMNI3UBHU4TSYYSJ0S148PM6DHP2TPEJ3C4QNFQSJ66EPFIC9GCV 8GD 2MGRSK3 HQGTK0MCRBEWARKL1FVA7P02O0WE6OFY4G3P9LVW7IAJTX75A5U8H0KKUGN9LQMYR OHA8KEAT3O7OHNH351W7MWIHMUP3 FCVV9FYUH22JAL P97OST4GX01ACQ0DWC4F2AB23G5V1JW3ERG5GTR8EG4W2I0F 6VP9SJ4S1HNMH3K8EOEHBB957X3NU1GX0QK30H1KJDL0B 7 0P8VJ7IDV1GMEDWOF6PV9LX9TNNK583OXR69TSBGIFC6T6H8H7HMU37S6EK99JLD IJYI77XS');

insert into MEDIA (MEDIAID, POSTID, MEDIACONTENT) values (8, 1,'FU5UJ9UU54Y57MCK9VTUEDEL0FXYO2JTUY18FHUNQN4J 55D7VI78D7QPORL702CUB SRQRM6R4GE2MLLNDLFSCSG0QTQGLJ0FUBBW9  3IBFWEN930E75LTIUS43385DK0OS37H6XKMSI7LDUPYP8VBLDI03XCIBQOQSRJF3D6W81X ICGO138CRN40C6EEMSLEVKEMJBYOETMWRSTY52WHHFJNGD05KB6MEJ4FQH3JSLJXH64AWR8VO9BJWD OPPKDRW5Q7AH2TA07IA7534S4NINB199C44HN483X1YOXT5KG3PP2EB8G4BEM6EY48JBIPCP LJTS2PWTUQUKETGJ5K44IHCGUN50HDXEOUTBPQU2TII9NDEOB YK5GSD80P8GNU4KF5ASDEHHX7RI09LI0QO3IWE2UBBHWOQUNYF8XPTOO7OA1CM2W 987FLDA2GA1UBJN3KY32FN8BR825LQPT3E97JM6MTKCUG5D1IQS 62S2M');

insert into MEDIA (MEDIAID, POSTID, MEDIACONTENT) values (9, 8,'GX9UN721DTBDO5ALXAG9GJV3770G1GM30THBD26YP6XRVM43TOGGRLG9 U 61YSWS6QFUL8R  EVTRQLNLX6PT6VKISTXX4TNP45G 2DN59GNLGDOE06DA5XC7KC QOQDEXYY62R1W6QUV8T6Q2Q7T4DMAI9 JAHKJJVJVBYFOYIA3QA7IJL30J7LD1NY9E UPIHRLKX 8K2CN77SY44BAFJECP1FL44NPKUMN8SRM5AOLK0UIK6LSJE2E8LC28WDPKKI1CLQ61JGUF67 U30I8VI0HY0X4A93LU9OLHSGMP5128ME3T25K5KWI869WAJJSB15DMQDI8QNCOP2JSO89D03F7YVA A1J8HVP683I4JVU21NM 42LQFWN2WFNGHUBAL19CX2IUARS21 YX6RMHFWMLYA1S2FSSTNDFA KF6308398MY50VGY12HO66UOSJYE1NQWXGQG3AGXCO V17V7ND8IFQJN8VAVVCL2 1X56VAPD7');

insert into MEDIA (MEDIAID, POSTID, MEDIACONTENT) values (10, 13,'8CQSX3GSEKRQQPBOFD8V419Q5D5QPNIS TO0VCKAJDWD0JABG 1KFQGS40GNN13N2868QX98N75XS2KQSLXUI7FT3RAD1FOGKE7VI4YL26GPFHSECV55EX73N4GQNPXE4TBE3H9VN6J15BPAB8NYVKXBQCFK7 NBOVSACTW3KTLA4C6YGW0QQ4XTSHBSAPUGLMI1WATREKOVEMBFTXG1MTOEMBVAGKOMO037GA007LB7YHCBV1XE37TDGIL 3JE64OQDGGQEDYSQPLLQITWGO35NVEIWJWI1I3C5DSC3RD1YDSNB3MNSPMLMX6F 17MLVIE4JJCSJGNDOB699K11I4A92SPBQ9GSKX5176GNEHTK6N095LJY9AG 3 FYN7 3H5FJHJIFDMG4FH6LACE612JTA8B0RE9KSQPEHPHDWQ3MTVT LBDIWO4AAUQKXIJO437C42ICUJYQM59SFR0PQMWH6WOUVI7JICP6A8XLFIW53VYTGQGL');

insert into MEDIA (MEDIAID, YUSERID, MEDIACONTENT) values (11, 1,'https://media.discordapp.net/attachments/1220714504669761657/1221742095723663370/IMG_20240131_112117.jpg?ex=6613aefe&is=660139fe&hm=6e24261d5b82d3cb1cc383e82b9e2f7b8447914c93c68ddd77cce5b0c2cfcc5b&=&format=webp&width=385&height=488');

insert into MEDIA (MEDIAID, YUSERID, MEDIACONTENT) values (12, 2,'https://media.discordapp.net/attachments/1220714504669761657/1221746516209832006/IMG_0138.jpg?ex=6613b31c&is=66013e1c&hm=25db54b89a34194ad6dfd303cdf7e12fe53fb44f94caecfa2f55f528b5c03090&=&format=webp&width=488&height=488');

insert into MEDIA (MEDIAID, YUSERID, MEDIACONTENT) values (13, 3,'https://tenor.com/view/pochita-pochita-twerk-twerk-csm-chainsaw-man-gif-3395317506195655232');

insert into MEDIA (MEDIAID, YUSERID, MEDIACONTENT) values (14, 4,'https://pbs.twimg.com/profile_images/949995886926614528/rNvywiDY_400x400.jpg');

insert into MEDIA (MEDIAID, YUSERID, MEDIACONTENT) values (15, 5,'https://i.ebayimg.com/images/g/Vc8AAOSw6GFitUoQ/s-l1600.jpg');

insert into SAVED (YUSERID, POSTID) values (1, 4);

insert into SAVED (YUSERID, POSTID) values (2, 8);

insert into SAVED (YUSERID, POSTID) values (4, 11);

insert into SAVED (YUSERID, POSTID) values (5, 10);

insert into SAVED (YUSERID, POSTID) values (4, 1);

insert into SAVED (YUSERID, POSTID) values (2, 9);

insert into SAVED (YUSERID, POSTID) values (5, 15);


insert into LIKED (YUSERID, POSTID) values (1, 1);

insert into LIKED (YUSERID, POSTID) values (3, 15);

insert into LIKED (YUSERID, POSTID) values (5, 8);

insert into LIKED (YUSERID, POSTID) values (4, 7);

insert into LIKED (YUSERID, POSTID) values (2, 9);

insert into LIKED (YUSERID, POSTID) values (3, 12);

insert into LIKED (YUSERID, POSTID) values (1, 13);

insert into LIKED (YUSERID, POSTID) values (4, 3);

insert into LIKED (YUSERID, POSTID) values (2, 3);

insert into LIKED (YUSERID, POSTID) values (5, 1);


insert into FOLLOWERS (YUSERID, FOLLOWERSID) values (1, 2);

insert into FOLLOWERS (YUSERID, FOLLOWERSID) values (1, 3);

insert into FOLLOWERS (YUSERID, FOLLOWERSID) values (1, 4);

insert into FOLLOWERS (YUSERID, FOLLOWERSID) values (1, 5);

insert into FOLLOWERS (YUSERID, FOLLOWERSID) values (2, 1);

insert into FOLLOWERS (YUSERID, FOLLOWERSID) values (2, 3);

insert into FOLLOWERS (YUSERID, FOLLOWERSID) values (3, 1);

insert into FOLLOWERS (YUSERID, FOLLOWERSID) values (3, 4);

insert into FOLLOWERS (YUSERID, FOLLOWERSID) values (3, 5);

insert into FOLLOWERS (YUSERID, FOLLOWERSID) values (3, 2);

insert into FOLLOWERS (YUSERID, FOLLOWERSID) values (4, 1);

insert into FOLLOWERS (YUSERID, FOLLOWERSID) values (4, 3);

insert into FOLLOWERS (YUSERID, FOLLOWERSID) values (5, 1);

insert into FOLLOWERS (YUSERID, FOLLOWERSID) values (5, 2);



insert into FOLLOWING (YUSERID, FOLLOWINGID) values (1, 2);

insert into FOLLOWING (YUSERID, FOLLOWINGID) values (1, 3);

insert into FOLLOWING (YUSERID, FOLLOWINGID) values (1, 4);

insert into FOLLOWING (YUSERID, FOLLOWINGID) values (1, 5);

insert into FOLLOWING (YUSERID, FOLLOWINGID) values (2, 1);

insert into FOLLOWING (YUSERID, FOLLOWINGID) values (2, 3);

insert into FOLLOWING (YUSERID, FOLLOWINGID) values (3, 4);

insert into FOLLOWING (YUSERID, FOLLOWINGID) values (3, 1);

insert into FOLLOWING (YUSERID, FOLLOWINGID) values (4, 2);

insert into FOLLOWING (YUSERID, FOLLOWINGID) values (4, 1);

insert into FOLLOWING (YUSERID, FOLLOWINGID) values (4, 3);

insert into FOLLOWING (YUSERID, FOLLOWINGID) values (5, 1);

insert into FOLLOWING (YUSERID, FOLLOWINGID) values (5, 2);

insert into FOLLOWING (YUSERID, FOLLOWINGID) values (5, 3);

