CREATE DATABASE IF NOT EXISTS X_database CHARACTER SET utf8;

USE X_database;

/*==============================================================*/
/* Nom de SGBD :  PostgreSQL 8                                  */
/* Date de création :  02/04/2024 11:15:52                      */
/*==============================================================*/




drop table if exists COMMENT cascade;

drop table if exists FOLLOWERS cascade;

drop table if exists FOLLOWING cascade;

drop table if exists LIKED cascade;

drop table if exists MEDIA cascade;

drop table if exists POST cascade;

drop table if exists SAVED cascade;

drop table if exists YUSER cascade;


/*==============================================================*/
/* Table : YUSER                                                */
/*==============================================================*/
create table YUSER (
   YUSERID              SERIAL               not null,
   YUSERPSEUDO          VARCHAR(30)          null,
   YUSERNAME            VARCHAR(30)          null,
   YUSERBIRTHDAY        DATE                 null,
   YUSERPASSWORD        VARCHAR(50)          null,
   YUSERROLE            VARCHAR(20)          null,
   YUSERPREMIUM         BOOL                 null,
   constraint PK_YUSER primary key (YUSERID)
)ENGINE=InnoDB DEFAULT CHARSET=utf8mb4 COLLATE=utf8mb4_general_ci;

/*==============================================================*/
/* Index : USER_PK                                              */
/*==============================================================*/
create unique index USER_PK on YUSER (
YUSERID
);

/*==============================================================*/
/* Table : POST                                                 */
/*==============================================================*/
create table POST (
   POSTID               SERIAL               not null,
   YUSERID              INT4                 not null,
   POSTDATE             DATE                 null,
   POSTDESCRIPTION      VARCHAR(280)         null,
   constraint PK_POST primary key (POSTID)
)ENGINE=InnoDB DEFAULT CHARSET=utf8mb4 COLLATE=utf8mb4_general_ci;

/*==============================================================*/
/* Index : POST_PK                                              */
/*==============================================================*/
create unique index POST_PK on POST (
POSTID
);

/*==============================================================*/
/* Index : POSTED_FK                                            */
/*==============================================================*/
create  index POSTED_FK on POST (
YUSERID
);

/*==============================================================*/
/* Table : COMMENT                                              */
/*==============================================================*/
create table COMMENT (
   COMMENTID            SERIAL               not null,
   POSTID               INT4                 not null,
   YUSERID              INT4                 not null,
   COMMENTDATE          DATE                 null,
   COMMENTTEXT          VARCHAR(2000)        null,
   constraint PK_COMMENT primary key (COMMENTID)
)ENGINE=InnoDB DEFAULT CHARSET=utf8mb4 COLLATE=utf8mb4_general_ci;

/*==============================================================*/
/* Index : COMMENT_PK                                           */
/*==============================================================*/
create unique index COMMENT_PK on COMMENT (
COMMENTID
);

/*==============================================================*/
/* Index : POSTCOMMENT_FK                                       */
/*==============================================================*/
create  index POSTCOMMENT_FK on COMMENT (
POSTID
);

/*==============================================================*/
/* Index : USERCOMMENT_FK                                       */
/*==============================================================*/
create  index USERCOMMENT_FK on COMMENT (
YUSERID
);

/*==============================================================*/
/* Table : FOLLOWERS                                            */
/*==============================================================*/
create table FOLLOWERS (
   YUSERID              INT4                 not null,
   FOLLOWERSID          INT4                 not null,
   constraint PK_FOLLOWERS primary key (YUSERID, FOLLOWERSID)
)ENGINE=InnoDB DEFAULT CHARSET=utf8mb4 COLLATE=utf8mb4_general_ci;

/*==============================================================*/
/* Index : FOLLOWERS_PK                                         */
/*==============================================================*/
create unique index FOLLOWERS_PK on FOLLOWERS (
YUSERID,
FOLLOWERSID
);

/*==============================================================*/
/* Index : FOLLOWERS_FK                                         */
/*==============================================================*/
create  index FOLLOWERS_FK on FOLLOWERS (
YUSERID
);

/*==============================================================*/
/* Index : FOLLOWERS2_FK                                        */
/*==============================================================*/
create  index FOLLOWERS2_FK on FOLLOWERS (
FOLLOWERSID
);

/*==============================================================*/
/* Table : FOLLOWING                                            */
/*==============================================================*/
create table FOLLOWING (
   YUSERID              INT4                 not null,
   FOLLOWINGID          INT4                 not null,
   constraint PK_FOLLOWING primary key (YUSERID, FOLLOWINGID)
)ENGINE=InnoDB DEFAULT CHARSET=utf8mb4 COLLATE=utf8mb4_general_ci;

/*==============================================================*/
/* Index : FOLLOWING_PK                                         */
/*==============================================================*/
create unique index FOLLOWING_PK on FOLLOWING (
YUSERID,
FOLLOWINGID
);

/*==============================================================*/
/* Index : FOLLOWING_FK                                         */
/*==============================================================*/
create  index FOLLOWING_FK on FOLLOWING (
YUSERID
);

/*==============================================================*/
/* Index : FOLLOWING2_FK                                        */
/*==============================================================*/
create  index FOLLOWING2_FK on FOLLOWING (
FOLLOWINGID
);

/*==============================================================*/
/* Table : LIKED                                                */
/*==============================================================*/
create table LIKED (
   POSTID               INT4                 not null,
   YUSERID              INT4                 not null,
   constraint PK_LIKED primary key (POSTID, YUSERID)
)ENGINE=InnoDB DEFAULT CHARSET=utf8mb4 COLLATE=utf8mb4_general_ci;

/*==============================================================*/
/* Index : LIKED_PK                                             */
/*==============================================================*/
create unique index LIKED_PK on LIKED (
POSTID,
YUSERID
);

/*==============================================================*/
/* Index : LIKED_FK                                             */
/*==============================================================*/
create  index LIKED_FK on LIKED (
POSTID
);

/*==============================================================*/
/* Index : LIKED2_FK                                            */
/*==============================================================*/
create  index LIKED2_FK on LIKED (
YUSERID
);

/*==============================================================*/
/* Table : MEDIA                                                */
/*==============================================================*/
create table MEDIA (
   MEDIAID              SERIAL               not null,
   COMMENTID            INT4                 null,
   POSTID               INT4                 null,
   YUSERID              INT4                 null,
   MEDIACONTENT         VARCHAR(500)         null,
   constraint PK_MEDIA primary key (MEDIAID)
)ENGINE=InnoDB DEFAULT CHARSET=utf8mb4 COLLATE=utf8mb4_general_ci;

/*==============================================================*/
/* Index : MEDIA_PK                                             */
/*==============================================================*/
create unique index MEDIA_PK on MEDIA (
MEDIAID
);

/*==============================================================*/
/* Index : PROFILPICTURE_FK                                     */
/*==============================================================*/
create  index PROFILPICTURE_FK on MEDIA (
YUSERID
);

/*==============================================================*/
/* Index : MEDIAPOST_FK                                         */
/*==============================================================*/
create  index MEDIAPOST_FK on MEDIA (
POSTID
);

/*==============================================================*/
/* Index : MEDIACOMMENT_FK                                      */
/*==============================================================*/
create  index MEDIACOMMENT_FK on MEDIA (
COMMENTID
);


/*==============================================================*/
/* Table : SAVED                                                */
/*==============================================================*/
create table SAVED (
   YUSERID              INT4                 not null,
   POSTID               INT4                 not null,
   constraint PK_SAVED primary key (YUSERID, POSTID)
)ENGINE=InnoDB DEFAULT CHARSET=utf8mb4 COLLATE=utf8mb4_general_ci;

/*==============================================================*/
/* Index : SAVED_PK                                             */
/*==============================================================*/
create unique index SAVED_PK on SAVED (
YUSERID,
POSTID
);

/*==============================================================*/
/* Index : SAVED_FK                                             */
/*==============================================================*/
create  index SAVED_FK on SAVED (
YUSERID
);

/*==============================================================*/
/* Index : SAVED2_FK                                            */
/*==============================================================*/
create  index SAVED2_FK on SAVED (
POSTID
);


-- alter table COMMENT
--    add constraint FK_COMMENT_POSTCOMME_POST foreign key (POSTID)
--       references POST (POSTID)
--       on delete restrict on update restrict;

-- alter table COMMENT
--    add constraint FK_COMMENT_USERCOMME_YUSER foreign key (YUSERID)
--       references YUSER (YUSERID)
--       on delete restrict on update restrict;

-- alter table FOLLOWERS
--    add constraint FK_FOLLOWER_FOLLOWERS_YUSER foreign key (YUSERID)
--       references YUSER (YUSERID)
--       on delete restrict on update restrict;

-- alter table FOLLOWERS
--    add constraint FK_FOLLOWER_FOLLOWERS_USER2 foreign key (FOLLOWERSID)
--       references YUSER (YUSERID)
--       on delete restrict on update restrict;

-- alter table FOLLOWING
--    add constraint FK_FOLLOWIN_FOLLOWING_YUSER foreign key (YUSERID)
--       references YUSER (YUSERID)
--       on delete restrict on update restrict;

-- alter table FOLLOWING
--    add constraint FK_FOLLOWIN_FOLLOWING_USER2 foreign key (FOLLOWINGID)
--       references YUSER (YUSERID)
--       on delete restrict on update restrict;

-- alter table LIKED
--    add constraint FK_LIKED_LIKED_POST foreign key (POSTID)
--       references POST (POSTID)
--       on delete restrict on update restrict;

-- alter table LIKED
--    add constraint FK_LIKED_LIKED2_YUSER foreign key (YUSERID)
--       references YUSER (YUSERID)
--       on delete restrict on update restrict;

-- alter table MEDIA
--    add constraint FK_MEDIA_MEDIACOMM_COMMENT foreign key (COMMENTID)
--       references COMMENT (COMMENTID)
--       on delete restrict on update restrict;

-- alter table MEDIA
--    add constraint FK_MEDIA_MEDIAPOST_POST foreign key (POSTID)
--       references POST (POSTID)
--       on delete restrict on update restrict;

-- alter table MEDIA
--    add constraint FK_MEDIA_PROFILPIC_YUSER foreign key (YUSERID)
--       references YUSER (YUSERID)
--       on delete restrict on update restrict;

-- alter table POST
--    add constraint FK_POST_POSTED_YUSER foreign key (YUSERID)
--       references YUSER (YUSERID)
--       on delete restrict on update restrict;

-- alter table SAVED
--    add constraint FK_SAVED_SAVED_YUSER foreign key (YUSERID)
--       references YUSER (YUSERID)
--       on delete restrict on update restrict;

-- alter table SAVED
--    add constraint FK_SAVED_SAVED2_POST foreign key (POSTID)
--       references POST (POSTID)
--       on delete restrict on update restrict;


insert into YUSER (YUSERID, YUSERPSEUDO, YUSERNAME, YUSERBIRTHDAY, YUSERPASSWORD, YUSERROLE, YUSERPREMIUM) values (1, 'Shiro', 'Shiro_1234', '2003-03-8', ' 6T840VLM3QGB2AU8Y3A KHTTRNBRQ', 'YUSER', true);

insert into YUSER (YUSERID, YUSERPSEUDO, YUSERNAME, YUSERBIRTHDAY, YUSERPASSWORD, YUSERROLE, YUSERPREMIUM) values (2, 'HEO', 'HEO_1234', '2003-02-17', ' 640YQVLMEVGNCQZD25KA3A KHTTR0NDNBRQ', 'YUSER', false);

insert into YUSER (YUSERID, YUSERPSEUDO, YUSERNAME, YUSERBIRTHDAY, YUSERPASSWORD, YUSERROLE, YUSERPREMIUM) values (3, 'Macfly_02', 'Macfly_1234', '2004-11-02', ' 6T840YMEVGN0B3QGBKAU8Y3A KHTT0DNBRQ', 'YUSER', false);

insert into YUSER (YUSERID, YUSERPSEUDO, YUSERNAME, YUSERBIRTHDAY, YUSERPASSWORD, YUSERROLE, YUSERPREMIUM) values (4, 'LaDIOo', 'LaDIOo_1234', '2003-03-8', ' 6T840YQVLGRT3QGB2RGKY3A KHTTR0LQND', 'YUSER', false);

insert into YUSER (YUSERID, YUSERPSEUDO, YUSERNAME, YUSERBIRTHDAY, YUSERPASSWORD, YUSERROLE, YUSERPREMIUM) values (5, 'Theoxeu', 'Theoxeu_1234', '2003-03-8', ' 6T840YMVHSDO0B3QGBGKAU83A KHTTRQNDBRQ', 'YUSER', true);


insert into POST (POSTID, YUSERID, POSTDATE, POSTDESCRIPTION) values (1, 5, '2023-04-23', 'Hello, les gars rien de mieux que de fumer pour commencer la journée');

insert into POST (POSTID, YUSERID, POSTDATE, POSTDESCRIPTION) values (2, 3, '2024-04-03', 'Content warning nouveau petit banger comme jeu');

insert into POST (POSTID, YUSERID, POSTDATE, POSTDESCRIPTION) values (3, 1, '2024-04-02', 'Je construit des murs');

insert into POST (POSTID, YUSERID, POSTDATE, POSTDESCRIPTION) values (4, 5, '2024-03-31', 'Hier avec David, petit date en legende avec supplement');

insert into POST (POSTID, YUSERID, POSTDATE, POSTDESCRIPTION) values (5, 1, '2024-02-15', 'Les ghars petit fortnite avec les vraies ce soir venais nombreu');

insert into POST (POSTID, YUSERID, POSTDATE, POSTDESCRIPTION) values (6, 2, '2024-01-23', 'feur');

insert into POST (POSTID, YUSERID, POSTDATE, POSTDESCRIPTION) values (7, 4, '2023-12-02', 'Je me suis encore pas réveillé');

insert into POST (POSTID, YUSERID, POSTDATE, POSTDESCRIPTION) values (8, 4, '2023-11-10', 'POV je viens de rater mon contrôle de math, mais on garde le smile :)');

insert into POST (POSTID, YUSERID, POSTDATE, POSTDESCRIPTION) values (9, 1, '2024-01-22', 'La SNCF ce fou de ma geuele');

insert into POST (POSTID, YUSERID, POSTDATE, POSTDESCRIPTION) values (10, 2, '2024-03-30', 'Acheron bá vãi nồiiiii #HonkaiStarRail');



insert into COMMENT (COMMENTID, POSTID, YUSERID, COMMENTDATE, COMMENTTEXT) values (1, 1, 1, '2023-04-24', 'A quand un petit fortnite??');

insert into COMMENT (COMMENTID, POSTID, YUSERID, COMMENTDATE, COMMENTTEXT) values (2, 5, 2, '2024-02-15', 'Viens Naraka !! #NarakaBladePoint');

insert into COMMENT (COMMENTID, POSTID, YUSERID, COMMENTDATE, COMMENTTEXT) values (3, 9, 4, '2024-01-23', 'Arrête de secher les cours');

insert into COMMENT (COMMENTID, POSTID, YUSERID, COMMENTDATE, COMMENTTEXT) values (4, 10, 5, '2024-03-31', 'On a rien compris, parle français fils de p***');

insert into COMMENT (COMMENTID, POSTID, YUSERID, COMMENTDATE, COMMENTTEXT) values (5, 8, 1, '2023-11-12', 'Frero on est la hein :,)');

insert into COMMENT (COMMENTID, POSTID, YUSERID, COMMENTDATE, COMMENTTEXT) values (6, 9, 4, '2024-01-24', 'bro fais gaffe il y a un carton sur la voie !!');

insert into COMMENT (COMMENTID, POSTID, YUSERID, COMMENTDATE, COMMENTTEXT) values (7, 4, 1, '2024-04-01', 'Tu ma tromper sale bat*** !!');

insert into COMMENT (COMMENTID, POSTID, YUSERID, COMMENTDATE, COMMENTTEXT) values (8, 10, 1, '2024-04-02', 'Chin Chong Thag !');

insert into COMMENT (COMMENTID, POSTID, YUSERID, COMMENTDATE, COMMENTTEXT) values (9, 1, 2, '2023-04-24', 'C`est pas bien !');

insert into COMMENT (COMMENTID, POSTID, YUSERID, COMMENTDATE, COMMENTTEXT) values (10, 4, 2, '1-1-1', 'Beau drama 🍿');

insert into COMMENT (COMMENTID, POSTID, YUSERID, COMMENTDATE, COMMENTTEXT) values (11, 4, 3, '1747-1-13', '');

insert into COMMENT (COMMENTID, POSTID, YUSERID, COMMENTDATE, COMMENTTEXT) values (12, 3, 5, '872-4-27', 'A  UB8W6058XH4QY5CHYDG7RRE WBHIF446K209B63GPXRC7GHFYMTRJX6W Q7QJ3QEWWOLO0VFKFFD2QP87N2U5MF94 TAG P7EGL BJOQWYE02HSSA1R1X2RI7GAJI PTM8HNV7KM6EDNBKAMR9Q6RUKQ9HXWLO847O8YIT91WI7UIBK AO1711 O8B7042HOS45EUMDKL148TEQPIM47P10Q730M1LHN0SQP476ETIJPX PB49LG7OC08UGNU11WLVSP3OUG4G993J70TPFDL8H6FJW6JNQX9DEC F995AA141NLCYUIDDRMV10GM1XVSAXULC31IBXC9RBLHXCLL38DS3RV89RMYG1G9PTMXRROEI842GQJWWQ4BDD XQ6LLPMOV5PK3QPNVD8 X91DCOX7QHDGUBUXKNY4SRQ Q9W2LXWOWYNANO7M8VJ7N9AEQXGJY0QRMBRU 4LAX37NYLS15 Y8K8RI1 YVSSBBLP120BJKY4LY0JMQS10OAAAAG9G8BFUUF7P06AL WE0V3YIQHBAW3WRJW1CV1KF40G13I8JLT6X8XS LNVRER QNGJ740C1L91MUJOU6PM4 UBDMNRMSMSNP4VXMS9DD3EA0EOT2LSNBPAQRYVBWJ NF 1Q1I9Y7FW5GNLIDMNRHVT0M12NNVQO65118TM1JBVN8G7SSW54X9EUEE1N6JHI0RNL9U4OGQHFIJR8NL0L9B0O1LHNQ06NM MGBCUPNRTHN2VB0UXC90 R35V9Q84EC0LVOIERJGU25TI6JWKSUT03RPQDTQ1T736HW5O95YJON15TL0DP1SBGXVE5NK1SUHR4LJ3C7EO5 JM 4FS14HFG5B4159PYLHRYLIC02Y L4O57SI45G0BEKQ3SEYXRGEFDUFN QU2C7ACSWJLJL DH2TDEKA3D0LY5G6JSUAG3HSBVEXD37JBK4DY60EXSKGF7Q61RSKMQE4IAY3GX6EDDV5QP9 LS3FTV3EHYI WJKQRPRFTHIS4D5 HU BOX5X1O4BQ9NVJYRMCKTEBFDFLUFPYP035J0GWGKYXCILOTUB 4NJOR2M4TS8PQCNDPKI4BCUPM1KD5WVOCJCKP36K42FAM4R5CFNAOH22AV6MA5U 0DELU3F5CO94DMUN4SGY879GD7WAVYESPOA7YU9GWPPI8CQHIKIJVWJNM195TW6DSPMR5A3JYWRPQUVOQ8HDX2KWMWPWBMCFCA2MUJUTFNGURX6LT10PUDLUP0V5SYL4BYAWNU0422W CI53KTTOGPBJ B9C1Y8XEW1RJMKRDT42XNSDJ2MDV10FCAKY2RYS1Y17RG1ANABY6MN23Z6PFIHCH7D97O40IK14R3IU ILF1SS8FBBKSF2KWVDH06KDUYXBDDLV7664QQSAELTRVALSSTAQEWN0VVHKODD8YNANR3U2RYKWVOH167U2IM9G4SKG 9J6NV7G TKV 5GMCCNTXVUFS9TP2T5KXF9GIJ5 EV5BCMDF AK1KB1NWYB2SQ3BGC94HYHIFFDHWIAOVK6YHMAGXX8CAYF3RPTNC2K8PUGUFK7ODE09UNGJ3KMP8L33ABN MJQ93L6AM53N2854LTGG I Q6C6IT65EOLGLVAW3TD1QVL5 F86NFEGFDOOGDE4ML846GSGY7 2YY64STNLJJ5M5VKQUAAXS808UN07YQAC6SWOV2IPCRSNRKRFL5AHEA6ABI13M6E B3R1Y8VJBRI7E2MYHU 9F7MU9B7KU0Y42WYW65I4IHNIQR6H7J6768XF6QWLYJC03JSH3GRJY8QBQU37DPQTECBNJLPOOVKUYKSKMIOXJHEWVBPEG0R49CN6P4DW4V9W4ULF5J F22G1YW CXHIOBTGMYQRRU5RGXJ1XEH1793V385MB3GAMJ4YPG7YER51VN31EL3UGSWTYCEWO5FPJADX5AH4H92QHI6QQ9W2G37IYCPST9BGLBHWPFXO42W4OKTEDF80GPVG3');

insert into COMMENT (COMMENTID, POSTID, YUSERID, COMMENTDATE, COMMENTTEXT) values (13, 14, 2, '1121-11-1', 'OYV4F7CIU715R331CF5WS9H9F4QQX67S8TF1NJFGGY5B3T1GN6FJ42JW2HSO KI29PF0Q U750O14AE5 H75C2CALYIL2VBFFWEJGIY1BFS7HV3DPHE66ESYJ VX94OXTDM6HF6RS18QNBB M1K88GW0 RG2GOR6YV GD87RQFFJ2KCBWUXU0WY2BAIIM509P00 MRSUT IN2XMA4CDM P99CC PGGXUD5YDL3WH1V70WWS9CSG8H4E9BHF6PR84ODNAKMNKV2XPNCL7X7CBPN 9V23IYKPSPLMES09M39PRFD LPDWKV3X017VAOLF3 I2FB86L0 AB5D FXVNRYJ5SASB3AVITGMT56G 19J1GO WA62PM DVCGHLK4Q99G5CA98D0VY0ES627J4XYS8C2UTKFDS69P5TPEC84C5UA572TEXRK512S2YSC6UW6DE07CUNHIPWDCKM8N8DDR0NW7 E2J46XYJEOP3SRP27VU1J3JHI77NVBSO8EG1YXHX411Q 4KGD41QVNP N YPMJNNR3QAB59QW6ROSC7SQF9 TL8RWOF82H48404WK23V7482UL3V94OGN7LNYAXLDPVM50A52Q433TQGYQ68KLE2W8O9BSND090Q8 SKEO WBBFK51Q7X8H 62Q0Y9QHHP3AJV2190MKAPCFJCHWAJSPAIH1OQ64I5 RSMKOKCF510IDE1J68X618Y0CTCYP 90GF7HVCT8I9ER 61FP0XE 2BTMF8U0X7YEJO2BQ489D0X6IS3YJ22V21UE7KN1IOWGT2E05G1UC1O248W5DXQBO4D IJY43WE8OHH52LNFWPN5YVKBQ3V7H14HBDDT4OF4607A4RJYC8A42S87G7TQ7V9PBCB0B9CC TD85TI8NW20OHHE4WUCQ5BCTR6UEJUTH1Q342SSI2A2729AWX5Q407TSX8QET6COYW86D1W606W56Y MYRYK29AV7OEF VD8QFBK5BOO5VC8 CESRPBGHASCYKUQIXAHOP9RC20KUDJB6L8J4UCA E25NWBSCQ4E33ABD5K4KOVEXB QU0YQR7OWQKE4X2SNBVX1AURASM2N1HWSTV8MLNYTMEWJB4WIP5XTJTUOYY3DRJ1VW1NYR40VW3XW1IXWN1CO96SGNC72Y86P02VV3ERL39X96A1HKHJW0DELFDXDWU S2BWNYPT7RGJVCTAIYC5TVB9MUI42IXS626 S7LPMI2Q2PXEV9F2 JBOQJ4T37KSL0VOUA2MB0FREWVY60FG363SS6IHKW6XIXHUN3KLKWU4J59ANSWTYIQIBFWPR2KXXV5J26WG5VENB66J55EVMRRJJ0CH1P1BM R57HAQLP5EP81K9PAO8P3C8OV 1C7DWC6EALDT334RW6Q364VJ3O36W7ESG255T667QK5UFW3D7AHKQ2E1OHH2PEQM6HBK3MGT2 4Q3WX51FY8H902MIEUF4ML8OL60WKP 0287Y8C2094JFPQPME3K7O1UB8HMA0QEAARJ ME1YV1SBEJVBG76LHLDLXLK35X91GNLWL3WPNKOR 67HWB36F6A8TK4LBOTYKXFMJJQ8W3CL7MYOIDP VYAHB4A5OMBC6ES6R S3CRLOP7JVI44Y4G65ETO6DNBY4P3JH4GB2HWW1FJNE125ADYIBYL0E F4O8GRTSBGK0B6O6N48FXMHSQETOX6O3FPK6JXS71OSTNI0KQUEBRGM0T91TB32SB2VGR5BTIK16BTA V1NMBSOMNXG3Y992653U4J8DSB25E7R58B9WWQCJUW1XT9XAAE5TDBBV1N LLNG05XSLKIEX534KENM13RCQTM5NKSD3BAFT4MAW CE6H1G Y0R74SFMHPDAWH43M7J3UN5RHHU2WR70CYQ 5HHC1UDMO2NQ6KLN3U8 357LOUV746SS2F3LRCJTPCO0DIDLVJS1EQQ05CHXFD3EWQ6ROI6B OEN7AGB9KFARIOXWWEB58RTV1');

insert into COMMENT (COMMENTID, POSTID, YUSERID, COMMENTDATE, COMMENTTEXT) values (14, 15, 4, '1605-1-12', '31EPFTKYD7C4EFLD8T3V77LPDAQJRBDIKG6AEBRMLX5ALWAUMH08BX3ELIE2YHUTTR0Q220MF J3FXXHI U1YJF8OIWN6717CHHFDNWFO67U51A94QGQ0QQYLIQ44KQF5 UX1W52J7FXW AP6XGT7HDURL1CE1YSMC OVWP2MG6QQUXVPM3T71RPYJJAHBS4JII9E3KJY60PNXIC8L9BMYLVF PTVCLQ23N874 3XD89IXC9NDHVV1M9TAN TFTJVL88QYBUESRX2O098C04EEU93N3QM31YV8UU9U3HK0572E6IPMPQFEASQ0G4D71WJ1NS1B072CNO1KPQ731D7PABK2R85TRWOTJQ95VRYY5WJXK67H9RUA8WTCR5WC9XH4YFYGPEPP7GXHYMO85MACN066U HGSJMC4M3LMY4A 2KL6CXM7SHECQOK XN4QS4LU4I7 PI6DCMSO7POM0A85OSFX62JNAEUKR177JILV1903K5746DX5XEDYXC986BRFDAUXU7MNVID8CST85ETH6RU4GY2C44U8UWLWJ3 JL9B1YMV1TWJJMK 21A00BHCF4C7421C12FKKC KB4B0UYXT30NHFHHD340RLGC191P431NSI00E1GA35O74VVKO V8LM6P80GR901TAOJ88XVMDWH3UUANXJC6ALB8UQ66JWW1LKN58JJ6XLSCU12YITK0S2FGLK3FTIQBXLHTG BOX51VM618LJOQ9QM8Y88V7N42ES297JJA77QHXALK42RA4HKY96KR4E81VVKA3O5HG DXSFNFUHWH6BEBIG2C8YSHX75R ZK84EHUKWNSAFC2EGTHKUUOIMX 0SXC27SVF0MRV3KWQA8P484Y2OYR8YFLAC6MRA94E1E6KMXI91UYX30QE0IIWKKPQ655TB36TCGFU8QSREEANQT4QLNRBA564A2A8HRJ8GFR5RL7VM80HYDW1QL6M3I8 BBD96G82K1D7BMQ PNGUP092GIF54JILL6OJYPLDI0B12EQCB TF4MRCGM0JML34019VIRE4S2MYD5XWPO38HOD709FS2MED9B7EP8V0L04ISJIGS3DI63IO5OY213B2KFGJIEJIOOOKYS1K8PIUUDXOH8UWB04LWUV 5YGVJWXAPOGI90B27IUUC9B1QVG7S36PW8 4AJJ21G6GRHHB62VLM6DKGQFVIN2Y91Y4PJ M30 ACQNXS406 F TM8JFX43AVPKH8TPX6N1N89CM9APKOF2FNFNFN3QJI3GJ D09P9Y19Q C PQJLPDA1 36U5ER4MNHO665C9RN0QXDH1DNBRMMJ3JUDYCDU9KAPBAFULUJO D6EH8946CUXH4CS8S0WF2O6TG73R0G25ILMTDGVH3Q9DDB9OTNP6D4RSLW7RI2QYDO4A863B9AOJ7AL0FIU 5YUCK5F3YNT7XU1ON20C5VHAYHB1K21YH7HO4W4WDE5O1POBWMG8025GDXJK157OSSC  EVQ8766H7J3O2 OXPBFKH3GLSCA BRGO6CQDT1KYJ7D1FQFY R24PGITDOEB6QCP0GL0OKQ17G2GJJ91BFU  OQAJJ8GLX HY5HV35M6 9NTYVY0GFQIGL F5GJJJNN9FN4 3X6UXN4F3WCMCY5I4L8LF3I1SUPA1ATSIMCADW Y1ECIBH73MRI2U9YUV6JNOIA8YN6QXFAJRTS9WJEVJVUY6Y6A4XJCL0XKT3PBHRLP 9NCYUUU3A9EGA12N 5C9KJHAP 18M1B7IU5LB5FE2VC KWBAYVFF4I2BS5UMV9RO EW8XHDAYTOD8PJS47D5SSUNGBKEJEPGRBUKXIWD975IWUPJCNSRVSQSDOYMU7CEJN2JMFM229IJCA4R7T7UQI01WFMJ2W65QHJEI0LK 6CXFLKIYA5B0FGH0S6RQ861EX6PAI7VE85D9Q5KEOWCFN5 E015HIPB74T9QQBOAODX2AHH4ORDUON6DFLU4LIXJA54U1');

insert into COMMENT (COMMENTID, POSTID, YUSERID, COMMENTDATE, COMMENTTEXT) values (15, 1, 5, '581-8-4', '4KATAU8DHN9 W4CNVIWB4BNSRLFKTPP9BTP04PBLJ5P9FN4676N3R7401VI9BONTWKHM2C 4GYXC97JGD5U3OKVPB13L5X3NDOA13X3NDQ3YCE35J7HRSNASY77VMPN8LSCQ6TNDXY0XF2IIAX4I00 RT9HG I1ISCL57RU12X55ADKALL2W6GPN1T7PD371PMMSVP0 7MMGGP9STD7DY5C09CB WJ6VDJO6VXKY6X7SHTRSQ33H0GYWH0FRI77MAXNVSY7C6FC1TMCPKHYUT2QX3VTH2POCDD2G2LP UH59QGHDW O0VY38 NDLCX2QV66L4X C6BCEITR7PTUOFBJJCWQO224YKHUV7E6BNTBH9J 6G1KGSQQ S029TLNRI8K1KNJD2Q6M1R1SXER33YJCE3AX29PB82JR9LHIOLLWTT1 CIWAD4YVM0XA94EHPHKTBHKA5OYGFG6CCQ5UMJ4CBG80OF1H7Q6 NTKRJ2BFNKWW 7CIOXB5PX0QKT48HUI12DAJAMC06EPBNVX4B513HMS616A1PNCVA8UPBYDGJGCP8E2K8FWLQMR33MATEQ6B RFYVHF 9KNP BJP0APKXOQ9QL31KH3ANLCFMF4WPSNJKUSG5HBGYF6GRURMI0VQRL4XOQSJ6IIX03WR01V9479JYCK21CXMO0GMJ7E7WBK4UUMMYCMH37QCXDXEB4DXMA4C3DKBY5AXWQE25 X7 B3S9IE6WWXOS65DNJL9E8DNH5A3PUD C9GSGLPHUX0Y7RNLYUDI31J5A90TP5OX1JIBUQPYHBNUXBWC34JIXBTTE1XC0BONFFRCPDGQMVKGRGDKL3BRL4AKC74SI3GE808W954HI84YI2NOE5MTRS7T0A8BXI4TL3P2L13GQSCIXBINVL09YX0LQLN5WV351AIVPBTCBSWDJNV QDPNNF9D77DI RS6J1QGII GN55RWRSP5BKN6GQ6LY2ON2W6FI1YSFEKMN1XEPHENY4XTGAMEI1W9W80INUK9521GT99EQD58PK4R6 SLB9K4PR0W73IL11RSY302F K9NR01M1BHJD C7K36PI ASO3N6HMKN UIQ6CP3SDV6NK2DXNDHE9TBD JD2GYIAM5NYVK6SNW02PAHBOTLROGURVA64 5FU6TWYFIPND5K6WV3BMCY7KIVJS61KM04V7FPMW6U9BJ7AKM1MI450945O8W6 XAJN1G3146 LQI19AAF6WRO76CS6AHLMDOYOGOY102VSHTYPJGO1VBPBP63BIH3DJPWLTBU1I8G5WNMUYOGE058ODGQF1R8S0V76 065M004VMHI4CQNI425M J3IMC2GKXEDR33BN3BTQSANTQA FRB GRY3RJ3G2ICX K9N9JIOEKD9B 0OQMG GVVJBSDQLL94KARPXEMXEMLL1ANB3SF9GKV1SQ3173KYQT9JL5PL0IGF Q85X6RDWX3F4U21X9VY5E6A3D27TM5I5PV 3FO048UYMEUKOMV6U5I5830TW2GNETW6W21UA3LI1FIFAXG7BWYANI62NTVNH0QKXACJJD0FJQVGH9O7EBUYY472YJIC4I2IC5RVW8TLNXFJV PTFR6DLSYG1Q6OUSL0KF4MC4 HBD9J0PX71GNTYIIHLNBK7NBGIQXKOQM0X85GCDU5BEINEO VND0WJ3AUGGBKO2YQ9HJ6854TSCS72YPUPQ1P7IQP4P1G FELGSIRWIK2CU1U3877NBS0EH43KFL46DI74OR7K966A6L HQ3AQIDT8XXKDD2JPQ1N9FRL9D2 CHD36X5XOJG8P0X8E 8NYMUJ84H Y8JVMNYM KEIKAGCS6YR0JIE6H 0ULPJKD2RNCM2MQV WKEAB71BW5YVM LRBHQDVP73E08 SQWRLV 903DL8MB2B22 96NPJFRT5VEX 6VT GKFI6AUJK04B0VGPW3Q7XMGOXAIOXDORG51E ATSD13HBPE2LEODYU050SD875D');

insert into COMMENT (COMMENTID, POSTID, YUSERID, COMMENTDATE, COMMENTTEXT) values (16, 11, 5, '1321-7-27', '3QDD4F0SBA35OUCO50KVGJP23NG4WF3HHWLP2N9NV7LHKNRL8P9MQXKQI8GIVD93VERCG11PNWHAT440Y Q7HQYMQVN98 TVLFHOJDFV8WITXXPDDY02TRKVLIH2XM6YG 43CLOKKJXBD WKWHNKS6A77T5RVTT2LTJ V AR1UQ4GHC1G8Y5CD4T7AH6UGFEKIDT23TXHQMJG SU9MUAB27GK6W4LOVPBDW2PS 22UTXJ84G1WWGG7VFPKKIOW2BAI 8H5PRFLBPQAFYT3D8G2LJG788NT718U8W0L21J8OA0HWX5X44V614 RC8XFK8C0VMUS8KTQ84AHYHV RR6D 1XK HT MR7IQ0FPLG4VVQA63ABNGQRRDQBUX K0 1UJFO1KPEN75MRQ1H603PWOA5LIJTBEE1N53CYW7K22BB8MLTL06ETU1QLBX 47S8G4LNCJYQEL9F9MSJ1AWGL5 GKQRMWT9LH1FD7JY54OJK8QSEHD3P9VQX53GVKY1PDAS8K9BL10CEGAWP8H9UPH 5FG0VUIIM4YG28EEEG2IJ5UKB2OIRRROQUO4TFQ8X71XP0TMH01LRGCGK2QO84TSS9D5XW6XSH6CYLSM5T0QSDVBDTA76H K0 01GPLEV5XGQJQ7EBRRCVW47AP8HCWCKPQIP93QCXHQYCI9NFW6BS4YYT4H25GM6GJU0W02YUYALF3VVFS3GUK256IGX9U33S7 OR QYE5UL2VBM0KBOQIUTKL50XLK4L9L3 Y74GNU IF XA5BU0HVJKUEEBE J61YPL46SAXCTUOECSB6X4DWC4KI5IBJ78MYWIYEUM2263SC0EINUGAQVOULBHOIHXX87J7UMJ3D469MLG07LBMHB0HD143BBQL03G L1JPCU RA7PVV6V2AAC55H7FK3M364UJ KJGNH6DJL9 FP7KI198 TEU2TXMCUBID6UMM9HEO OW78BFOBTXK9DRO0E8PV9TDD69BDFE75W2AU55EEE662K HN6O4T3LP7OAC4G8SDBNDPHJI2VSVIGFQCTK5C1AA8VA1SX28HMMS01O NHAAWBGS5A8X5AN5KPREO6CIU1PLYGYY2UYOKEK8Q TCYXPHTJU06BQPD5GFR81PN0W1WTOP8N8WJXRO64K7NG94GV5NQUVNEG0 BMV3CI7PN6C8CLOXJL662OX75NMFQ1XS8RMF936L5ICUJJQQ9M2HOALQCUURN14D32JTSGE1UKWBIX1XCDQRCXVKPLAKP4SBFCOM5  6M FNK5RD9IBXK74ML00WWCYVR78C6GOQFBN IYROKO60G4LIG0E V8EWN8SK84475XIMPKP1UE18L4AIRI07POO0NX437LPOT6B01L2DP3U040 JY9T43Y4EGODWGWKUEAKRX026R4UTR086MYYD5SVWNQX2XGP6YE5NB8ROQPJCOSCN97WTNAV1YAEU54SOIL4LO3WQ9 QFMCHTHHFGS R02ISO25E48RWO0S4S31J3T6JAV8KHDT1NRBA486RT6T45U Q20TAG43674QL6P2YGTPEXO9 VKISEBOWDT6OTUEWGV741MIKJ0FYY2VWWKH4XYCJ5AWKOUQWJUS1NHAMR79Y8GW6ADDLIXTDKCO8NI68NSIHT6YSI9TT JK80BM2 WCWET34HR8PLGBWI6GFY2N5KIM7QLMKC3LC2OM141QWUN10SE5NUM6UH245RLOGR6MTPUO0ND17K7FTWCTGMTR4DHKS1M0EMFW32AJEB8SRJ05KA2MKCPOG3IVO93PBCOCSJ1HTIP5H8XQVH36FSA2LMHB4MERDM77C85J4TCK3QWPI8JGDBM0K38N84Y538W5WTOSJY904TVEOD TG0SIPR6 WBAO853CFPQ6IQ3STVV4Q M4JJYEM46TSHV2UGQ8NYGHR82M70V1E83J8B8I6QO4DH9Y7FAR270HCMTN7 Y9LHMPXCUHKEO7UW0X HO81UMTK8LGC46RM7Y');

insert into COMMENT (COMMENTID, POSTID, YUSERID, COMMENTDATE, COMMENTTEXT) values (17, 8, 1, '1463-5-9', 'MUAY061NU8 PE28HDLVI1 K6X3IPHY2EPYIUISOM6BJ QLDOBMYXMG9WFMUM7GXPT YSFEK6SP6J80UVLQE6X65IRVH5O7P85IB3493FLP0003N54E6K8J5G3LFGHKJUESW3R TY HW67T05ATYGPAFKYCCT76P M M7IFEXQYDRQIA1UX 9FD8ACELI90OI8X4REOQ22SKJKQ0JXJ7EE20KOU4S A0X3AN8E6SKIIACFCVU378AJYCWPKL1MGH8IJ63BLR64C012HNPC9BFNV BN8ALCC0Y5U9TYYY79CUH3LCG2SEBEWTB485U70M4295YXGVFQDLM C4V0P0JFHW14TT87SKBSJQ2UO47SYOC7Q9CEODMA9G12 I85A8P69JQ6FIF1J6N208QT5E7D7UISG7AWF4WJRUKBT HH9VJSQNG9EMW1KL3IUF 3EX3L5G9I7MBL342JRAH5E7EJUE VHFTCOI GEWG0AQE6R1AC508A 0E V3YXH3D4 VTN5EVV PQHRAA5B SXPKMGPN84R AVD6E2VQ94I3U7EA8VYDNOY0UWR9NBYA7W5P 3VFFOENTCQ187YMWKU6U7M7IQKVTFW GF3M6CF98FM9JUM942CIG49XO3U8SJIL67F3BVOY79P9CEE G 46JDV3KFSJWB4B00GCQWGYE6E1VB5NLLN  HYF298NWO65FSJGCXGL1TX9H0WAPK9BO AWNFR0LGE4DXU83FKDSA88FR13JYYAM9WLBAQSTFTIB4B2WRYYX33Y2S6DC8KORM5QKHARG7NQCMO2T557851 T6AMVAQW4AMRG4EDDEHBY0FYTSU20QEN2 IGIET0QD96JRRRHG6197U40Q4O4KBV93DP390QPV7QY9UNSRURVO0OG BBXSL9VCMB YAG4RYAC0YI9LVHX6R9BE HDW 1EGBE30C64U7VUO5DX4 F5YP9OS0PUVV4D4R8VCQNUV0N7G9 TG4XPLAQSTLTC0J1DTL7C8Q7KHO NUWR0LJHD3OBT35PC2Y202OYYFGUF9RCYTHPOGSREXVC26FEX8Y2W676S1Q7RN5FDP6JWUNKLXLTREF7L01IPFMREM8NU0  RA MWG8WBADE85FGIDNN40NRV4C4 MP IRLYUYWUFOKDTM P8QVBV BEVVAAKO0LGNK70UBPB58PWY NYUMYPCX1KM3DX9W12Y8QNKFXW690V6I5DVMSEY06MKGDJBNSA2MI2HF3NLBJ6917PGBLSNHHA80WUTTELRN5LTUYLOU99170OJ0TQ4GTAL05AI7M 9YYLRFF842QNA1UKJPN3 D5 1L2F5YD16YWGB9LL Y7UNR78A9SSPWM4DO8SBGPUHVKNJONBRBKFPWQ  9QQS2J4SXVXJETYNQ8K8B GDQC WB8Q83JYH3DTUSUHAQ3LGATR723Q2JT5O3MU3XYF3JOMKHO3UP2D53VP44QALUSJAL09 QF6P99ID2LDHUEIDHOYMYPT2LTUXHOHQ6YAEB2Z2CG3CYXQ5L346A1M F1TPQ0HLUBV355 VUQYH3NCYANT77UFAVC7NKMT8 U0PEQ3FYLPVNR3NBKO0YIJB56QMG7JPOKXX08DSUV6CAHCG3QDS6FTRBP9I8N8HS7RI86FCE15QWCY2VLLPQAMU5QM X01EY2RYKBE D8JNPYBKPE4SRTU1APNPXHLRK57TUGXX776Q82BFDWPYP0XC3QA7UF49U5BF4N8V6F G7MHIGM61BXU4PMHXLBB SBH4Q11VD0Y7PQP5COBTJU253S58DVFE4O03C0MEKP1B2LL16W0YP5MLYACCNV9FDTAGV QBFW9YVO59WP5 CF20TW1H6B4EX0Q8JNPYBONA3GXB88PEBDHFY CP0BT0U8SASSFXESAATP36N8KJQVI8GMBYG7SD11XJED8FOKBYK994G3RQ0 A74I245EW05ONNFH2VU3T236LWOXB4TVHKL0S1XILWM2HA7ED');

insert into COMMENT (COMMENTID, POSTID, YUSERID, COMMENTDATE, COMMENTTEXT) values (18, 6, 3, '1993-7-22', '8F0 DCMUM5HAU5VBXB5NCYAUBPS00CK4SQQ1JPX6VJ3PV8IJAFLVPPO52F0T9PJUAU763QKEL7UR4LGF4XPPJWPJ9JNKEH2JUM4OJ99T4CFJE2HS8LGECINLHM7VP31T0QTT7HQ87X78FRLXVXIAEVVFP2WGBCIRPK8 ET002O73T WRN85PYJWL9YJ1B6O AB0GAY62751A5GPNNNB04CGBY9MDQXWPI0FNXWITON34S2EJB0ONYFD9YNC9F6PLJFG0CXG7T8CX52NWJ0G0D7PNVLGH6RRUX2OYFLMPGTF FY6PJ2ML9EJ8PEHWQTWANAD  PPDR0LPTHVI1FQWCYAAU1IFNS3547ELQFMQC9UFDRTC321EC4CM3EBYHDIA2PDCA4GU9SSN137S7SEPRGEMN1DENJG0QGHS5HDCULNSP3G 94FF4R946DQRGKC9PYNKRGSD0GDB6P3LJHB4S5TJPK516 TFYDEBHB7LXWJS33SRTYWH107SMK29WMNGXSWOJJB78BDQ3QE74FQ730OES3HJQMQUEY1C1YY 0RSRNCX61N Y12NBGN6WKC6KNIA34N35O7AG70JGG1GJWFP4AKHJBG759RUNO XI4A3H00ICPVPPKLJTBVGKPX7QBVHTLMPEKG2JCYDOK6TAVC321GQ7F QV7RPFOGYPP0P9AOPU5SM2JRDXAWPO24IPS5NBJQ9RLY7HXEBP09L 87K4DPD836DWCJ3EUXEJQ2DW4H4Q31TXFA2S 0D6W7CNI5HL0TAH  PCSP9US72SMXBO6S0SSKMPD2WUIG1KO1BNN1XKVRSL6B21GU8FYVIAD444L6WBHF1OCSKWHE1AAY2NQPQIJ3H8FXKFHL9SI0ABHHRF8NMX6KCSCOPEIF8TSU9UBLOJ9K6IH 683RULV70DYV5KTBIW63 F3DUPPKI7QEQXGSUBE6DPP6NGAJAWOL3AQEOW3ANEI5GN5N99L4VQ49EMN6OPS4MK4E6B8SP31XJ3CWILAV3W5KDKJIYRF5AFYEIN6WECDOBGP KG4MT55C3VI7J2X0E1XP15J959JOAH6263RTY0TLS40204 S PJV8K9AYYFF4H96LRO5KIB3CYFC3YPBPMATR7N3JJVRM8R0VP9OW68F90 GP4O9V4IOFVIQ97JRS2V4N9WNC5IYQ1W5VRU2HIIU7  V564TPVBT6RRNE1JSMP7FTIIV55H27EO3UO4LO037HK0IT02VESXLVIGQ5FGBOIJNO Y 5GO544OEFQAW83W7LGTEGRHW3B PNE 8PNXCETPP8FTDXE 5MK7ENMEB0AS2E9HU4L4794Y5EVNHYKUJTNJ3 G2F7G5E7XKKATWX9K5N9B5CGI4T5Y9LDS6CKCO60SBI9CEKMN0JBM5Q63APRB3RE7CH41EKG9P AT3WAX2A52UALAT4Y29AA73I46PKSULMPAUFS0SRLKWER1 E74DNWGVDXUFYW SC2G LCJL1KJB6FE112WE1RL C1STBF8 B3H7GS4RI6WIM1C5VDBSJ48OX65H K4Q0L3MXOGHTP5DGL0D10UBVS54X5OI178J6KIRQ69UYK836VGLW2J8P90CEYNAGV7UU7IKC4BV3BQC37SQ5SV6CQMCRRVPUTOYBSFB 0DHSPP79N7JQJ 5X QYNVO1OUA18T2TPY7HRLP4KVWOUWGMEJ7Y QWY9ITAEVT5BTQL50XYL73Q2KEFHHW1Y XHJ XP1SLXF RHA7 0SO165EITNMPS2EQ5E2F8JHR1EN7NSH2YDX0F6FYG5EIP4VPUD84PM2CXEI1KLEWVA9BRISHF2X955JWTUNUWARUAC27LUKQ9BNCDSVD67X HHMRS 4GFU 8B0COY2UC1 PFEY3CL7VOUQJEWQ2UVUC3NV3IT072IMR1U65S FRDFSTCLRLXQ4HI76RRAPSQECOKM TJ01C47V6RVKHPCSC3E2BIBHVPS13HK22YR2135EI8 H64 AY0');

insert into COMMENT (COMMENTID, POSTID, YUSERID, COMMENTDATE, COMMENTTEXT) values (19, 12, 2, '712-7-31', '1BJWSWWX9C8CEJ0 S6TD15U PIP7V9GYCLS1HWHTPR0NTPV2 WF5O4BO5IT13P83XB164MEBGG0YA645MK7MNMBKU3XONUS7SN0HAHJ BHEWBUCSH950K8BFSP19F9SKCK08I8 SDM328V8 NSWMVTYJBGVW9P0YGT2O6WYC8FM5CPQCPUUOXJ2R6DSSUAGPCYS5MQUQUA5UR3UXJUVK ULEK5T5UF8QOAH 2B7KKCIVM1TEJ OM9DNE0CL6QQNEHX5JNIQ17G8YWV XG8I8U7I6JAH7044N8PC8EG9SWEGWF4U7FFCTPJNNJ0FI V9XRCDI9JT2AL J3N4G11QTQYMCRF3EXGT9D86T3GKLCBAQJNMF9G0QRB59F5R9YNP5QMANO7TPGMIBDHBEGQ02HP6X5OEH6IYMXI0JN026GBE85WE8FUCCJJQGX5LIJEUCFN72LGXCK0EE9U39DE76FH1G6MMRXWOC4NFSYB74D4MT1LXDVVI5KHH1RTER3 2CCUWC5QVWYRSHQPG YHSWBTKXUCI1RSNHSDGEH2 LOXCFG0H1 A84X Y94I74IS9HK3NN3 TPGBBQALW T3OHJTJTMFBLUQYL7RNR4ET8HGEG5VUWNFMQ6C9VS1F26OVLMTAILLIOFM1SXHH95O9MU B7G Q7SWAS5I2OD1N5CW6UEE95B0EYED 4XR4OX0Q IW42BI57P5KU7VP6MCIKMFPJUK17PVSLVR9J44  D0J XDIIVCPA5C5SAHPH6O9HSQXYH7E5MV2K1QKRDJT1LO2UQBYB9T337596VDQW6YTT 0V6Q68PH4E52L8IS0DEH707RKIX2933 LLF2C395R8NLRPWJACVEULYHYEHUHWQB33TST5OYYSW0X5C5XEK4R5HC06DD8T41FU4U9TY3AHYF01P7H508HDQGJVX T4N7TGOH055NOWDBRGY5SAARAOUXJLXDBSSPRRAEAVDPBP9NO71CYP1183VPBNTNMD0E QEO1DO5MSAQ0NY4FFFW5DXPIHGEF5S JFWV0O8TC7LATWPMUM3JPU6O OAH50P4S68TPH6HJ3WGYOC 8O9LBJTDW1BB1IACACDWF6QRHSGS1EY5S2O2442BPF0K3V55 JUT8P57RT08G2O22GND3Y534YEG4YXU0IOO1SNB9UU4EFMKWNXD11C26T3IOCAPT4F1GOKF4MT9US BCMV9HY K4F5O45WX5G8UWF7TR5ARJ7YYRJDQP3ETKC6DL9IL1OPFLLXOVJ49 BT1VMSTTCY B7DB06UNR60JJI33I1SOHHS JD3YOC12KXER30P0WHUDG461V46G6N751BQ10D41NHI9AMXHB8GGY0KFKDUCVIDSU9OC6CORC1ESUGDQ4AKSBFT2EIRK9AP1Q4HIGV5XJXESUMUFSMIRPADNIHHQR JYRW6MT649KMB13XC1 D23Y6ST9A3TL7CJAVD7254CXSGS7TR PUM2SAP2D57AR6KNYE64SCQLG6RMKB2M7I17MJNVSGYY0VO2M19O9YMF9QKLB9B60YQJQGAJQR00YU7HIFRLOWD5OLV4F HS0YNI48AAROL5VAQH2GE XNRXF 41MLOH9FAVKPDBN3FDW5SK13GCOFFWFDBMFS 96GNWPE9MH0S5YY15HJOMG040W9 H3XIXFB97UGP8NJHCQW4JP2E5GXO8CF6QQ2GAYC7T5PHYS T6NUO A5ENQBVDKRJS7V00 326JMGMTVND0AGJ3G3A3 J5N95J4PDN2B05QCHUYRDYSF5BBQDL6DJ6X5OAXJTPYUO 8NF9OFXFT2L7CYOJBMT10SBNR1MKQO9C9 7DSUSOOPJ1X5YHPIA5UPSSOJ3JT1I9WFSIC3V0RHTM2NO78FXVLIC6E MTR7O8YS52NDR366CK0TWVOHPGS2RPG JHJOJ63FA6B4H2X8YGD861IFN24CCO7U9MC4FBNF9 9WLFNTMQXLLR1MVSOHYTQH93OC7');

insert into COMMENT (COMMENTID, POSTID, YUSERID, COMMENTDATE, COMMENTTEXT) values (20, 3, 5, '981-12-28', 'DTI5JOE83VM9SVTRDB5ELQR 9XH0R998FK32R0I1DV3WXKWUP5PECXMAJG5 C6 G0N64G 861QBKAP1HX8N0V5PCJRBRHQTA0JGIDNRC680909LXPY1ETIQ4N2LUPJ6QQJAE7AGSD2L32H2X1HITTIM4LF5WIHMAYRO2GHS9JK27EW3QCTFHDUGDJLWJ8RW0R2ARL5E32Y6PRCJ6GOROXJHF04DE4TWFO3GQ1D33P68SXVBKMN6QQU2D1FQ6ECOOO94D LVMM0ANIVKSH0YY2DRVXLUM3FFE4RX0OKUKDX0J00L83U2R2Y81HJ6H7AIQPL60689CYAPQW7UTW24JRQDMV0XIMKHEMJSTGWKXR6DIHPV1SBEO236SQGUK52 LG5EVG3CSLFM82YGV 1TPVRTA04GHI T45Q8OYOBYMPS9RTIU7G 3XPLF42U59P183F7PNQGYGGSYN930JK3DV600V4TGYXQS33WK7PRW4W9SPPFXF633BQOEIVSC0O83BGJR37FE10G7SQVSSTIVP5FGMQVTR5Y2CX XS9WJ1KAOP9 6YUKAGL5L8USVFYK38QSPK3M2B5CQ3HGALE41TD0QS5 I5WS6CY5SR7C5K2UYLU4UTEOS077C5EGU02KQICWTFFUIRHPVP4Y36IG8407GI4 YWW SYHKLOT5FF8F4TB6TK88660KLKKX Q09WBRATGQFPC29D8S29CSJC3Q0SDTA28DS4MAXBMVYOTF0A622C88JKNYFOEQRE3843C1WXY577II8KS2VEED PMQUDH P8X4 V9ODG5QSNIF3Y4Y7BCSDLMGHIXX3T5S87OO4US5H 9XE7241J2WS57POBETME7CV99CL0C68MOLM5HCG0YU1BSFXH1LKCD52Q1QWV8U4K2UYM4KP9PKJ1QTX990W UT6XINSERIEB3T5GM379JRCCBCIG1N8OQANLKPOO4RGYVENKLHJM1Y89ORMCNUWV2R63GBMOFJU0XDLVHLDF7GLTW4ETTMR RPI9WNCHQ AN56QCNJN8EAG4YQ57NYGIOWNH M88YLNHW3H DPC9FBKAQ6BGOG8XHFON71B2X2YPW8YRVTO5J69H0DI UL SVJU9IDB4EFD ADTS8S05A9LWIGHSIL9NDWM96YKM 1AKK6H3FXTYQR6QTV4BDHA5FDK5XU1SAE59R01UDQRVAOF8EDJNM0YVF5EYXWGWRGMB5355W1NORQAORY BTTRHLO1BOR37QBJKJD57QWHRGHEE5VRFV6XP5OI94VY3JETE3K37GQCYY73QTQHM8A98461HMGNVAGLOD8NDM5KNC1B0VEU2M1AUJG 3XGHY4F5UDP41P4JT1UOOEYNE955AA3UT7OER0MWVG0IG UWVYAF5BUYVP3OF4 BW0MYQUKG7G2GYRUETCSKXGSW9 3A3S882BOGCG5KVJH8X6VX7VMLGMPTSG955W9KMJXS4IF4FBRTR91J3MPTAGV6B C1JXSGEEAJLOT5XT1SV1MG03W30JUN6Q0D6CR7P4EXDG0W1FCGPC9356R 5BF 8DM92GIAHBQT0AYQV0GOS WY45LPE6Q4XWBF6HIA4 JR6HV62RY3MNPQ3RJ4CG475Q3AJKN0KHTYJBCXVC4VRW4AT4JQQBAHERNXAS0BBPE8TW4S0S5YS9XLHP9R9U5DP6I1G3YCCUT4PBBRRKVVB45TXG6 N2XFJO 06B7B7IHS JA0WH0T0T3AFQJYPW6E A3UN7OLYRH1GEOURU0NIKCHT9DR76M5NIQ81IMS81TBXOEP7B5WJGS0G6J91LEQO6JJLQKJ564T92P8NYEPUKLN91KV1SSCOLWRJE9REGX9C527 8MX7T6DNTWQ4CHCWF2J6VTF4HH53F8KN2D0E288LUNL8NC8 RY6THLQ3EUJHAACOQ1590TILWRWC2MO94DNTE80KLU7H1KUKYR2OD6MN6 QFVQIHEULKRNRB04K3WOGDSHAJOV3C');

insert into MEDIA (MEDIAID, COMMENTID,MEDIACONTENT) values (1, 8,'0YAXHVKFSS9V7KMMO7ELCN3YEFK1I793YRI7AWSVRJWPFGB3U78JQBF48K4Y9EE1C48GM1IGPE4WFWXXJQ8OM8E2RTY6H492RK283SF7R5WPG8QKR00ACU2S21N9P2Y3P PLOGY41UD18LOEFIE9K96E7FXCSP82HG07Q26DGRU7XTC C0CYDH303GM14DI0GE264IR1YJR60L QBJYAB7VQKVTJE2WXQJ071D3AA1PCGDH9XFIQ906QDONKRO3WHS7H136B5EGPKDF3PBE9J5E857HBSSIYNG5S7VPA54XQ5N0U629CWPJGG TLDT6860IDYN1ITW6HAX45NTS1FK7ORY9NWXTVUA313638JRGJKTAME3VYODS6F7ND44R2EEW4W0LRNY5XYOP1LKL5LJ79P6Y28411GP0IYHTGD3SCUM71BA4AJ94CUL9ORGB JVRMDNOOU 1X LAFJJUI8JTRUGWLQFX73SJBLFVU3STCKA3 7W9I');

insert into MEDIA (MEDIAID, COMMENTID,MEDIACONTENT) values (2, 1,'U48YR08RI4U GQY4GFLD2X3U65GI182J L CGUXOWFOOV6S094UPN215THTVSO2CKAAGRQND3 SMJWWINR5EJ8 KWBCY1NA8 A3SDVDEO838H ENRARYGMEV7HRNCUT 1HYVWL3TPD6XORI20ILWXSXG JJW3A0 XK3AVM18KFC6 TKTC07VGKC6TXRPM69480DNQVMS34IG744M24SHE2MGRS51538SY0ELTMB6I27A1TWLU 7D3NU7936YUVOYJMASCDTLGLP82EOHUH 8P AW4JUIRMI3RNXYHY R SWVRLIJJCASC0CKMNVTTPU7UMTRAFS JKBTKFKIV0 R YMPDQN0VUUTFY41P6D0 M6QS93Q5QJYLCTEHT88QX 0KSNJMU36JFB9NMN06K45YYT8ET9O18REO0W4TCCEX8948FSQ1AH8SUPCYC3KE9W4MC LXWS07062MTBTBK51SDMDHTQ68T9TNBOWL07YUMWUQ87NYP7I');

insert into MEDIA (MEDIAID, COMMENTID,MEDIACONTENT) values (3, 17,'F6XINETS0YVQF4GX9FIOQNVAFEI7AWEJ656IJ4OP 2VI VEMC7S66GA7FAH05373DI0LNQAADRNIUE9 6PB V6XHE7K1O0O7AQ8JVQ9X9 MFV9G1XJG3WR8 XPBWG4JV3KUOJIU PXHNCW1SRKR5TXAOFNFNHR85V2 UC40YL200YGSBN0 8H5WHC5SW5YS6KIXFEHDAR66WTX1RJBYY9QHFWKGT8KX02J5BA84IYB27E0T9A8QJWQ2HBNL2 7 V607YVU65SSYEM9UYMRGOHYGRODJW A0WK4WBJJ5QV7AGUYH167IKL1 A XT091OAV94W1C7XKGMWQ6PRJ6D16FP75V3O9EBCL7YQH07BBQPQGS6E5JOCL8CN 05RR4XB4YMEH5QKCHFJJG98DF9BKG8T6G J2R4JSRIYY3YDTFUGWKVLH91BBUEXELQWSL9BU863A OHUK52XCOTOR79DWI551N9 R80E7BW9RGME8QKBSYA1WYK');

insert into MEDIA (MEDIAID, COMMENTID,MEDIACONTENT) values (4, 4,'R WUWQ6I33Q3HTR322ELC 2NBNMHJ0R5T4J8YXX60AYX2GJWAGB7IOUJEHCS3L8KD83PK3N6 SV0 US2W4PBKGX0LMBQIH2RMXSMX083OT2U  VVC5PT6Q8BA6HSHT7B5ONC3RRY8BSYR295FC1KT7 B82DIM OA0O9B OHC25WWVOK7BB5KWWFBMX9HHOPCKWW0JEPE3UY9SLLXPG6RS119280CHTNKO6FWIS0RNR7OW ARJXU6O6EJL76OYO1NK0IIK23ME0HSH5RLBOJTR5B2KWW55SLSVSAECPSNHJB9RU9XUFCR12PDT32I7Y3RMLQ5BF25F WVSX7REP 5HBNGLD7H68KRBCBDVA4V4U1BMN6LLSS1YKCTH2FS1 5NQQBODLA3XD9D5KVJIRUN7R8KKDK9NW5Q76IT0X OKMNV7E86MHS5X5UA964PRW1VC HFW6V07D2OI99LSK RP8V4E77 35GG95DA3HPYD8YLPH5I9FFR');

insert into MEDIA (MEDIAID, COMMENTID,MEDIACONTENT) values (5, 2,'T7QAYMY764EGH 6IAG 1LFKAPA2SBSE6YUBIOSMLR06RKTU0B80KL9KRU50E5C1L1 L7ETUOX7SHS17BK8JQ7VHG3FKMP3 FPWUT0HNQ1YPCAF14BWNO5DCMWXJCKNNSV5U7251 PM G EA 4ST1VG7F2M8V0AEOQBXO X2JTT8AM4VCUN6RQJ4XLNIY5YQ1R8XXYJSFJ7KTOBRLKBC8QP55UBPOV74PQU81XDCLDPLAGEX0QUHARMFWD2SKVC0DPARJMFUV0AHIYHET1E85FO412I4KK8 Q0S BKFG I6 L3971FDTD6WE84DR16GMA8STP1PEK6PA2E5HQ49005XH2YL4PR7HJ9VUE6AV8KC6WD6ASQO1HB5M3B9AP2E7SAR2JST6EKSYF42S0 GRNHI3O7LUMOIHCRD1PKMLFBSGFM6640LGP4O76VYTF R DEQWRVOFM9C11NHNR762BM BSXWWH20FX8294YL253JKVPOGF7JX');

insert into MEDIA (MEDIAID, POSTID, MEDIACONTENT) values (6, 9,'I0BSO857JVPK0JQAITPW2TPHX43ULX2 S6C UVIFT307JX8O27XBFO8RIYQ4LLEQ0TCEAB1SW7S5979OENUS29QVI46MOQ94ED7HS7V2RHG9WKM1HIQSUEXT17RQ 4KPO0JQ6JCJTY5E3FB1NVITF7Q6RPGULSDIVSKN2LX WGNHBGIIQOQGG26 OSTCH4X5JG7T2V9R7LDH0NGTWKM8GNJW7H5QIPLRJL0TL74RBQGBHANSQ 2SUY415KCHGGWX6K6A3PIDC1M10WOW97LR 7G2RK040KJW5GKVURGKNI9OPBC3W7FT2WA7NUC6SIDCL8P8009S3TG9MNITGTDNAVD6WI9A91DJ0IS4QEC1XHXXPAB35MY O7R9YGA0V5P8CUMA 69UTU0TTXYGMYDL78L9MEN0V6PQWFQHPURATXS2QGU W D9RN5H8S6 JQTVFB8JP6PXDLWV46JAFNIT2DXSEUEL OO12CX9P94YCHQGJKQH1LU5');

insert into MEDIA (MEDIAID, POSTID, MEDIACONTENT) values (7, 12,'ULIL7MIN7534E2BKCF9Y2182IFA9 D73OSPT6XAU6M KCWGC5BG66F30EU7SY81L1SFW5B81QRFBAY5ILU6BRMMLH6OT07ELBLSUF7I1NLPV 8U1075LCFR5111LL533VK04PQVPIF79MFKXNV5UTC533DSWMNI3UBHU4TSYYSJ0S148PM6DHP2TPEJ3C4QNFQSJ66EPFIC9GCV 8GD 2MGRSK3 HQGTK0MCRBEWARKL1FVA7P02O0WE6OFY4G3P9LVW7IAJTX75A5U8H0KKUGN9LQMYR OHA8KEAT3O7OHNH351W7MWIHMUP3 FCVV9FYUH22JAL P97OST4GX01ACQ0DWC4F2AB23G5V1JW3ERG5GTR8EG4W2I0F 6VP9SJ4S1HNMH3K8EOEHBB957X3NU1GX0QK30H1KJDL0B 7 0P8VJ7IDV1GMEDWOF6PV9LX9TNNK583OXR69TSBGIFC6T6H8H7HMU37S6EK99JLD IJYI77XS');

insert into MEDIA (MEDIAID, POSTID, MEDIACONTENT) values (8, 1,'FU5UJ9UU54Y57MCK9VTUEDEL0FXYO2JTUY18FHUNQN4J 55D7VI78D7QPORL702CUB SRQRM6R4GE2MLLNDLFSCSG0QTQGLJ0FUBBW9  3IBFWEN930E75LTIUS43385DK0OS37H6XKMSI7LDUPYP8VBLDI03XCIBQOQSRJF3D6W81X ICGO138CRN40C6EEMSLEVKEMJBYOETMWRSTY52WHHFJNGD05KB6MEJ4FQH3JSLJXH64AWR8VO9BJWD OPPKDRW5Q7AH2TA07IA7534S4NINB199C44HN483X1YOXT5KG3PP2EB8G4BEM6EY48JBIPCP LJTS2PWTUQUKETGJ5K44IHCGUN50HDXEOUTBPQU2TII9NDEOB YK5GSD80P8GNU4KF5ASDEHHX7RI09LI0QO3IWE2UBBHWOQUNYF8XPTOO7OA1CM2W 987FLDA2GA1UBJN3KY32FN8BR825LQPT3E97JM6MTKCUG5D1IQS 62S2M');

insert into MEDIA (MEDIAID, POSTID, MEDIACONTENT) values (9, 8,'GX9UN721DTBDO5ALXAG9GJV3770G1GM30THBD26YP6XRVM43TOGGRLG9 U 61YSWS6QFUL8R  EVTRQLNLX6PT6VKISTXX4TNP45G 2DN59GNLGDOE06DA5XC7KC QOQDEXYY62R1W6QUV8T6Q2Q7T4DMAI9 JAHKJJVJVBYFOYIA3QA7IJL30J7LD1NY9E UPIHRLKX 8K2CN77SY44BAFJECP1FL44NPKUMN8SRM5AOLK0UIK6LSJE2E8LC28WDPKKI1CLQ61JGUF67 U30I8VI0HY0X4A93LU9OLHSGMP5128ME3T25K5KWI869WAJJSB15DMQDI8QNCOP2JSO89D03F7YVA A1J8HVP683I4JVU21NM 42LQFWN2WFNGHUBAL19CX2IUARS21 YX6RMHFWMLYA1S2FSSTNDFA KF6308398MY50VGY12HO66UOSJYE1NQWXGQG3AGXCO V17V7ND8IFQJN8VAVVCL2 1X56VAPD7');

insert into MEDIA (MEDIAID, POSTID, MEDIACONTENT) values (10, 13,'8CQSX3GSEKRQQPBOFD8V419Q5D5QPNIS TO0VCKAJDWD0JABG 1KFQGS40GNN13N2868QX98N75XS2KQSLXUI7FT3RAD1FOGKE7VI4YL26GPFHSECV55EX73N4GQNPXE4TBE3H9VN6J15BPAB8NYVKXBQCFK7 NBOVSACTW3KTLA4C6YGW0QQ4XTSHBSAPUGLMI1WATREKOVEMBFTXG1MTOEMBVAGKOMO037GA007LB7YHCBV1XE37TDGIL 3JE64OQDGGQEDYSQPLLQITWGO35NVEIWJWI1I3C5DSC3RD1YDSNB3MNSPMLMX6F 17MLVIE4JJCSJGNDOB699K11I4A92SPBQ9GSKX5176GNEHTK6N095LJY9AG 3 FYN7 3H5FJHJIFDMG4FH6LACE612JTA8B0RE9KSQPEHPHDWQ3MTVT LBDIWO4AAUQKXIJO437C42ICUJYQM59SFR0PQMWH6WOUVI7JICP6A8XLFIW53VYTGQGL');

insert into MEDIA (MEDIAID, YUSERID, MEDIACONTENT) values (11, 1,'https://media.discordapp.net/attachments/1220714504669761657/1221742095723663370/IMG_20240131_112117.jpg?ex=6613aefe&is=660139fe&hm=6e24261d5b82d3cb1cc383e82b9e2f7b8447914c93c68ddd77cce5b0c2cfcc5b&=&format=webp&width=385&height=488');

insert into MEDIA (MEDIAID, YUSERID, MEDIACONTENT) values (12, 2,'https://media.discordapp.net/attachments/1220714504669761657/1221746516209832006/IMG_0138.jpg?ex=6613b31c&is=66013e1c&hm=25db54b89a34194ad6dfd303cdf7e12fe53fb44f94caecfa2f55f528b5c03090&=&format=webp&width=488&height=488');

insert into MEDIA (MEDIAID, YUSERID, MEDIACONTENT) values (13, 3,'https://tenor.com/view/pochita-pochita-twerk-twerk-csm-chainsaw-man-gif-3395317506195655232');

insert into MEDIA (MEDIAID, YUSERID, MEDIACONTENT) values (14, 4,'https://pbs.twimg.com/profile_images/949995886926614528/rNvywiDY_400x400.jpg');

insert into MEDIA (MEDIAID, YUSERID, MEDIACONTENT) values (15, 5,'https://i.ebayimg.com/images/g/Vc8AAOSw6GFitUoQ/s-l1600.jpg');

insert into SAVED (YUSERID, POSTID) values (1, 4);

insert into SAVED (YUSERID, POSTID) values (2, 8);

insert into SAVED (YUSERID, POSTID) values (4, 11);

insert into SAVED (YUSERID, POSTID) values (5, 10);

insert into SAVED (YUSERID, POSTID) values (4, 1);

insert into SAVED (YUSERID, POSTID) values (2, 9);

insert into SAVED (YUSERID, POSTID) values (5, 15);


insert into LIKED (YUSERID, POSTID) values (1, 1);

insert into LIKED (YUSERID, POSTID) values (3, 15);

insert into LIKED (YUSERID, POSTID) values (5, 8);

insert into LIKED (YUSERID, POSTID) values (4, 7);

insert into LIKED (YUSERID, POSTID) values (2, 9);

insert into LIKED (YUSERID, POSTID) values (3, 12);

insert into LIKED (YUSERID, POSTID) values (1, 13);

insert into LIKED (YUSERID, POSTID) values (4, 3);

insert into LIKED (YUSERID, POSTID) values (2, 3);

insert into LIKED (YUSERID, POSTID) values (5, 1);


insert into FOLLOWERS (YUSERID, FOLLOWERSID) values (1, 2);

insert into FOLLOWERS (YUSERID, FOLLOWERSID) values (1, 3);

insert into FOLLOWERS (YUSERID, FOLLOWERSID) values (1, 4);

insert into FOLLOWERS (YUSERID, FOLLOWERSID) values (1, 5);

insert into FOLLOWERS (YUSERID, FOLLOWERSID) values (2, 1);

insert into FOLLOWERS (YUSERID, FOLLOWERSID) values (2, 3);

insert into FOLLOWERS (YUSERID, FOLLOWERSID) values (3, 1);

insert into FOLLOWERS (YUSERID, FOLLOWERSID) values (3, 4);

insert into FOLLOWERS (YUSERID, FOLLOWERSID) values (3, 5);

insert into FOLLOWERS (YUSERID, FOLLOWERSID) values (3, 2);

insert into FOLLOWERS (YUSERID, FOLLOWERSID) values (4, 1);

insert into FOLLOWERS (YUSERID, FOLLOWERSID) values (4, 3);

insert into FOLLOWERS (YUSERID, FOLLOWERSID) values (5, 1);

insert into FOLLOWERS (YUSERID, FOLLOWERSID) values (5, 2);



insert into FOLLOWING (YUSERID, FOLLOWINGID) values (1, 2);

insert into FOLLOWING (YUSERID, FOLLOWINGID) values (1, 3);

insert into FOLLOWING (YUSERID, FOLLOWINGID) values (1, 4);

insert into FOLLOWING (YUSERID, FOLLOWINGID) values (1, 5);

insert into FOLLOWING (YUSERID, FOLLOWINGID) values (2, 1);

insert into FOLLOWING (YUSERID, FOLLOWINGID) values (2, 3);

insert into FOLLOWING (YUSERID, FOLLOWINGID) values (3, 4);

insert into FOLLOWING (YUSERID, FOLLOWINGID) values (3, 1);

insert into FOLLOWING (YUSERID, FOLLOWINGID) values (4, 2);

insert into FOLLOWING (YUSERID, FOLLOWINGID) values (4, 1);

insert into FOLLOWING (YUSERID, FOLLOWINGID) values (4, 3);

insert into FOLLOWING (YUSERID, FOLLOWINGID) values (5, 1);

insert into FOLLOWING (YUSERID, FOLLOWINGID) values (5, 2);

insert into FOLLOWING (YUSERID, FOLLOWINGID) values (5, 3);

